,時間,買賣,成交價,口數
0,"2021-11-04 02:45:34,164",B,17155,1
1,"2021-11-04 04:54:03,714",S,17223,1
2,"2021-11-04 09:01:08,422",S,17214,1
3,"2021-11-04 09:03:05,635",S,17209,1
4,"2021-11-04 09:50:36,884",S,17178,1
5,"2021-11-04 10:51:00,913",S,17159,1
6,"2021-11-04 10:55:43,955",S,17154,1
7,"2021-11-04 12:35:36,090",S,17103,1
8,"2021-11-04 13:35:01,166",B,17073,1
9,"2021-11-04 13:35:52,093",S,17056,1
10,"2021-11-04 16:15:03,144",B,17108,1
11,"2021-11-05 00:04:05,585",B,17100,1
12,"2021-11-05 02:00:01,982",B,17127,1
13,"2021-11-05 02:00:02,975",B,17129,1
14,"2021-11-05 02:12:09,900",B,17133,1
15,"2021-11-05 02:59:53,705",S,17147,1
16,"2021-11-05 03:48:01,749",B,17170,1
17,"2021-11-05 04:44:14,217",S,17189,1
18,"2021-11-05 04:54:03,653",S,17189,1
19,"2021-11-05 08:45:00,703",B,17154,1
20,"2021-11-05 08:51:00,346",S,17161,1
21,"2021-11-05 09:00:10,239",B,17161,1
22,"2021-11-05 10:05:06,209",B,17174,1
23,"2021-11-05 10:25:00,205",B,17193,2
24,"2021-11-05 10:25:11,904",B,17196,1
25,"2021-11-05 11:57:02,597",B,17246,1
26,"2021-11-05 12:22:02,279",B,17257,1
27,"2021-11-05 13:44:00,375",S,17268,1
28,"2021-11-05 15:30:00,797",S,17252,1
29,"2021-11-05 16:52:49,421",S,17278,1
30,"2021-11-05 20:35:57,296",B,17314,1
31,"2021-11-05 21:14:00,978",B,17322,1
32,"2021-11-05 21:18:17,958",B,17328,1
33,"2021-11-05 21:18:18,031",B,17328,1
34,"2021-11-05 23:15:01,028",S,17331,1
35,"2021-11-06 00:41:00,443",S,17303,1
36,"2021-11-06 00:42:02,710",S,17301,1
37,"2021-11-06 01:09:04,294",S,17272,1
38,"2021-11-06 01:09:04,373",S,17272,2
39,"2021-11-06 01:10:40,721",S,17266,1
40,"2021-11-06 01:30:00,917",S,17244,1
41,"2021-11-06 01:52:00,461",B,17273,1
42,"2021-11-06 02:06:00,766",B,17293,2
43,"2021-11-06 04:00:04,736",B,17320,1
44,"2021-11-06 04:40:25,816",B,17301,1
45,"2021-11-06 04:53:41,243",S,17302,1
46,"2021-11-06 04:54:01,443",S,17300,1
47,"2021-11-08 08:52:00,624",S,17267,1
48,"2021-11-08 09:00:06,167",S,17285,1
49,"2021-11-08 09:03:06,434",B,17292,1
50,"2021-11-08 09:05:29,573",B,17311,1
51,"2021-11-08 09:19:25,587",B,17313,1
52,"2021-11-08 09:21:02,563",B,17318,1
53,"2021-11-08 09:26:07,316",S,17297,1
54,"2021-11-08 09:45:01,795",B,17346,1
55,"2021-11-08 10:07:01,437",S,17314,1
56,"2021-11-08 10:18:10,986",B,17352,1
57,"2021-11-08 10:18:12,632",B,17349,1
58,"2021-11-08 10:21:01,125",B,17360,1
59,"2021-11-08 10:33:12,328",S,17366,2
60,"2021-11-08 12:05:33,608",B,17384,1
61,"2021-11-08 13:15:01,860",B,17385,1
62,"2021-11-08 15:01:00,042",B,17427,1
63,"2021-11-08 15:07:02,139",B,17439,1
64,"2021-11-08 15:07:02,220",B,17439,1
65,"2021-11-08 15:14:13,866",B,17448,1
66,"2021-11-08 15:16:00,609",B,17450,1
67,"2021-11-08 15:17:17,797",B,17460,1
68,"2021-11-08 20:57:11,889",S,17458,2
69,"2021-11-08 20:57:11,971",S,17458,1
70,"2021-11-08 20:57:12,015",S,17457,1
71,"2021-11-08 22:30:24,846",S,17450,1
72,"2021-11-09 04:40:09,654",S,17514,1
73,"2021-11-09 04:44:00,467",S,17516,1
74,"2021-11-09 04:54:03,558",S,17516,1
75,"2021-11-09 08:45:01,177",B,17500,1
76,"2021-11-09 08:45:01,325",B,17504,2
77,"2021-11-09 09:00:11,362",B,17500,1
78,"2021-11-09 09:10:00,634",B,17533,1
79,"2021-11-09 09:25:01,093",B,17571,1
80,"2021-11-09 09:25:01,873",B,17571,1
81,"2021-11-09 09:27:02,747",B,17576,1
82,"2021-11-09 09:27:04,060",B,17579,1
83,"2021-11-09 09:29:01,099",B,17568,1
84,"2021-11-09 09:34:14,198",S,17559,1
85,"2021-11-09 09:34:14,679",S,17560,1
86,"2021-11-09 09:35:02,103",S,17540,1
87,"2021-11-09 09:45:20,083",S,17517,1
88,"2021-11-09 09:45:23,339",S,17516,1
89,"2021-11-09 09:58:45,329",S,17531,1
90,"2021-11-09 10:13:34,717",B,17589,1
91,"2021-11-09 10:13:37,885",B,17589,1
92,"2021-11-09 10:13:38,702",B,17588,1
93,"2021-11-09 10:22:36,030",S,17554,1
94,"2021-11-09 10:42:00,965",B,17579,1
95,"2021-11-09 10:58:53,471",B,17591,1
96,"2021-11-09 11:05:28,467",S,17561,1
97,"2021-11-09 13:35:00,823",S,17546,1
98,"2021-11-09 13:44:01,217",S,17548,1
99,"2021-11-09 16:18:06,326",B,17598,1
100,"2021-11-09 16:57:21,932",S,17610,1
101,"2021-11-09 18:18:16,399",B,17630,1
102,"2021-11-09 20:45:51,263",S,17600,1
103,"2021-11-10 04:11:26,703",S,17551,1
104,"2021-11-10 04:54:03,641",S,17552,1
105,"2021-11-10 08:45:42,988",B,17567,1
106,"2021-11-10 09:03:06,298",S,17547,1
107,"2021-11-10 09:15:03,339",B,17569,1
108,"2021-11-10 10:13:51,682",S,17511,1
109,"2021-11-10 11:02:14,825",S,17504,2
110,"2021-11-10 19:48:17,112",S,17555,1
111,"2021-11-10 22:00:09,358",B,17538,1
112,"2021-11-11 01:48:01,609",S,17482,1
113,"2021-11-11 02:54:06,813",S,17456,1
114,"2021-11-11 04:54:31,885",B,17446,1
115,"2021-11-11 08:45:00,385",S,17429,1
116,"2021-11-11 08:56:54,095",S,17436,1
117,"2021-11-11 09:00:10,797",S,17432,1
118,"2021-11-11 09:00:40,227",B,17425,1
119,"2021-11-11 09:07:17,915",S,17410,1
120,"2021-11-11 09:07:42,938",S,17404,1
121,"2021-11-11 09:11:09,126",S,17395,1
122,"2021-11-11 09:11:09,191",S,17396,1
123,"2021-11-11 09:15:08,276",B,17430,1
124,"2021-11-11 09:20:00,643",B,17456,1
125,"2021-11-11 09:32:44,810",B,17473,1
126,"2021-11-11 09:45:00,698",S,17483,1
127,"2021-11-11 10:33:00,397",B,17518,1
128,"2021-11-12 00:18:01,799",B,17545,1
129,"2021-11-12 04:54:42,931",S,17519,1
130,"2021-11-12 08:45:01,089",S,17561,1
131,"2021-11-12 09:03:05,661",S,17533,1
132,"2021-11-12 09:05:13,050",S,17526,1
133,"2021-11-12 09:39:05,533",B,17594,1
134,"2021-11-12 09:39:08,832",B,17594,1
135,"2021-11-12 09:39:10,327",B,17593,1
136,"2021-11-12 09:39:27,817",B,17587,1
137,"2021-11-12 09:39:30,829",B,17587,1
138,"2021-11-12 09:39:31,080",B,17588,1
139,"2021-11-12 09:39:33,490",B,17587,1
140,"2021-11-12 09:43:04,171",B,17605,1
141,"2021-11-12 09:43:04,612",B,17606,1
142,"2021-11-12 09:43:31,551",B,17609,1
143,"2021-11-12 09:45:01,271",B,17625,1
144,"2021-11-12 09:45:02,296",B,17634,1
145,"2021-11-12 09:45:02,315",B,17634,1
146,"2021-11-12 09:50:00,357",S,17602,1
147,"2021-11-12 10:03:00,964",B,17624,1
148,"2021-11-12 10:17:43,784",S,17604,1
149,"2021-11-12 10:33:21,793",B,17623,1
150,"2021-11-12 10:42:00,854",S,17618,1
151,"2021-11-12 10:45:00,724",S,17617,1
152,"2021-11-12 11:06:25,289",S,17558,1
153,"2021-11-12 11:33:03,316",S,17547,4
154,"2021-11-12 11:56:21,403",S,17531,1
155,"2021-11-12 11:57:41,430",S,17515,1
156,"2021-11-12 12:08:01,196",S,17502,1
157,"2021-11-12 12:40:56,486",S,17502,1
158,"2021-11-12 12:45:01,320",S,17511,1
159,"2021-11-12 16:32:41,199",S,17527,1
160,"2021-11-12 23:15:03,268",S,17546,1
161,"2021-11-13 00:06:01,550",B,17580,1
162,"2021-11-13 00:24:05,914",B,17589,1
163,"2021-11-13 04:54:11,459",S,17598,1
164,"2021-11-13 04:54:11,574",S,17595,1
165,"2021-11-15 08:52:01,465",B,17630,1
166,"2021-11-15 09:00:55,978",B,17650,1
167,"2021-11-15 09:03:01,403",B,17657,1
168,"2021-11-15 09:05:03,601",B,17664,1
169,"2021-11-15 09:05:21,355",B,17660,1
170,"2021-11-15 09:09:14,241",B,17665,1
171,"2021-11-15 09:10:09,886",B,17671,1
172,"2021-11-15 09:15:00,372",B,17670,1
173,"2021-11-15 09:18:28,920",B,17685,1
174,"2021-11-15 09:21:54,602",B,17691,1
175,"2021-11-15 09:21:54,674",B,17691,1
176,"2021-11-15 09:25:00,852",B,17692,1
177,"2021-11-15 09:25:10,992",B,17691,1
178,"2021-11-15 09:28:26,973",S,17667,2
179,"2021-11-15 09:32:08,994",B,17693,2
180,"2021-11-15 09:32:09,116",B,17693,2
181,"2021-11-15 09:33:03,762",B,17694,1
182,"2021-11-15 09:37:00,855",B,17678,1
183,"2021-11-15 09:46:03,118",B,17706,1
184,"2021-11-15 09:51:06,957",S,17662,2
185,"2021-11-15 09:51:07,062",S,17661,2
186,"2021-11-15 09:51:09,424",S,17651,1
187,"2021-11-15 09:51:40,034",S,17651,1
188,"2021-11-15 10:20:23,537",S,17654,1
189,"2021-11-15 10:25:10,588",S,17652,1
190,"2021-11-15 11:45:01,105",B,17653,1
191,"2021-11-15 12:23:45,553",S,17631,1
192,"2021-11-15 12:26:27,804",S,17613,1
193,"2021-11-15 12:26:30,199",S,17619,1
194,"2021-11-15 13:33:01,030",S,17656,1
195,"2021-11-15 13:44:00,535",S,17662,1
196,"2021-11-15 17:27:37,460",B,17688,1
197,"2021-11-15 21:15:02,752",B,17709,1
198,"2021-11-15 21:15:02,918",B,17709,1
199,"2021-11-15 21:16:02,088",B,17709,1
200,"2021-11-15 21:18:03,257",B,17714,1
201,"2021-11-15 22:41:46,044",S,17686,1
202,"2021-11-15 23:16:02,062",S,17674,1
203,"2021-11-16 00:44:45,069",S,17651,1
204,"2021-11-16 01:22:38,706",S,17640,1
205,"2021-11-16 04:46:08,250",S,17655,1
206,"2021-11-16 08:45:01,173",B,17662,1
207,"2021-11-16 09:03:06,649",S,17667,1
208,"2021-11-16 09:36:49,923",B,17700,1
209,"2021-11-16 09:45:33,100",S,17683,1
210,"2021-11-16 09:47:42,061",B,17710,1
211,"2021-11-16 10:09:02,542",S,17697,1
212,"2021-11-16 10:52:27,368",B,17714,1
213,"2021-11-16 13:33:01,481",B,17681,1
214,"2021-11-16 15:01:09,372",B,17723,1
215,"2021-11-16 15:12:05,882",B,17719,1
216,"2021-11-16 22:33:56,992",B,17720,3
217,"2021-11-16 23:45:48,613",S,17698,1
218,"2021-11-17 00:21:19,166",B,17723,1
219,"2021-11-17 04:30:10,588",S,17731,1
220,"2021-11-17 04:44:00,491",S,17736,1
221,"2021-11-17 04:54:00,878",S,17737,1
222,"2021-11-17 09:06:00,827",B,17730,1
223,"2021-11-17 09:51:45,280",B,17732,1
224,"2021-11-17 10:03:17,229",S,17692,1
225,"2021-11-17 10:03:20,091",S,17695,2
226,"2021-11-17 11:00:11,256",B,17736,1
227,"2021-11-17 11:14:18,449",B,17750,1
228,"2021-11-17 11:15:00,785",B,17758,1
229,"2021-11-17 12:26:31,734",S,17741,1
230,"2021-11-17 12:35:02,546",S,17730,1
231,"2021-11-17 13:05:01,321",S,17712,1
232,"2021-11-17 13:15:00,541",S,17723,1
233,"2021-11-17 13:17:01,835",S,17722,2
234,"2021-11-17 13:27:00,388",S,17722,1
235,"2021-11-18 00:37:37,948",B,17776,1
236,"2021-11-18 01:26:42,995",S,17755,1
237,"2021-11-18 04:54:16,441",S,17764,1
238,"2021-11-18 08:45:00,380",B,17770,1
239,"2021-11-18 08:45:01,351",B,17778,1
240,"2021-11-18 09:27:33,724",B,17807,1
241,"2021-11-18 09:34:59,385",B,17822,1
242,"2021-11-18 09:34:59,427",B,17822,1
243,"2021-11-18 09:35:02,478",B,17817,1
244,"2021-11-18 09:37:01,149",B,17809,1
245,"2021-11-18 09:50:47,414",B,17830,1
246,"2021-11-18 09:50:50,078",B,17828,1
247,"2021-11-18 10:01:17,421",S,17800,1
248,"2021-11-18 10:09:03,032",S,17775,2
249,"2021-11-18 11:36:03,669",B,17836,1
250,"2021-11-18 11:36:03,743",B,17835,1
251,"2021-11-18 11:36:04,707",B,17836,1
252,"2021-11-18 12:13:02,096",S,17832,1
253,"2021-11-18 12:15:05,262",B,17839,1
254,"2021-11-18 13:09:00,621",B,17850,1
255,"2021-11-18 13:15:21,956",B,17857,1
256,"2021-11-18 20:30:04,596",S,17850,1
257,"2021-11-18 20:44:08,174",S,17845,1
258,"2021-11-18 23:12:22,724",S,17848,1
259,"2021-11-19 04:54:00,847",S,17914,1
260,"2021-11-19 10:23:02,837",S,17869,1
261,"2021-11-19 11:23:32,138",S,17857,2
262,"2021-11-19 11:30:05,218",S,17827,1
263,"2021-11-19 12:45:00,966",S,17817,1
264,"2021-11-19 13:33:01,707",B,17831,1
265,"2021-11-19 13:35:01,207",S,17828,1
266,"2021-11-19 16:36:01,511",S,17828,1
267,"2021-11-19 17:27:53,892",S,17805,1
268,"2021-11-19 18:00:10,317",S,17764,1
269,"2021-11-19 18:00:10,491",S,17763,1
270,"2021-11-19 18:03:40,450",S,17750,2
271,"2021-11-19 18:10:22,937",S,17731,1
272,"2021-11-19 18:10:23,018",S,17731,1
273,"2021-11-19 18:43:00,752",B,17757,1
274,"2021-11-19 21:39:09,464",B,17758,4
275,"2021-11-19 21:45:06,380",B,17773,1
276,"2021-11-19 23:15:03,066",B,17803,1
277,"2021-11-20 00:04:05,628",B,17798,1
278,"2021-11-20 00:37:50,531",B,17809,1
279,"2021-11-20 01:12:01,003",B,17817,1
280,"2021-11-20 03:00:05,514",B,17790,3
281,"2021-11-20 04:30:10,698",S,17782,3
282,"2021-11-20 04:44:00,679",S,17779,1
283,"2021-11-20 04:54:02,831",S,17782,1
284,"2021-11-22 08:45:00,674",S,17787,1
285,"2021-11-22 09:10:00,873",B,17848,1
286,"2021-11-22 09:51:22,664",B,17860,1
287,"2021-11-22 09:51:22,764",B,17861,1
288,"2021-11-22 09:55:03,605",B,17865,1
289,"2021-11-22 09:55:05,084",B,17865,1
290,"2021-11-22 09:55:05,195",B,17865,1
291,"2021-11-22 09:57:03,378",B,17871,1
292,"2021-11-22 10:05:00,881",S,17850,1
293,"2021-11-22 10:09:09,269",S,17844,1
294,"2021-11-22 10:12:33,692",S,17836,2
295,"2021-11-22 10:12:33,804",S,17836,2
296,"2021-11-22 10:29:13,917",S,17830,1
297,"2021-11-22 12:11:16,121",B,17874,1
298,"2021-11-22 12:11:16,225",B,17873,1
299,"2021-11-22 12:35:05,450",S,17856,1
300,"2021-11-22 12:35:05,573",S,17856,1
301,"2021-11-22 13:33:01,463",B,17826,1
302,"2021-11-22 21:14:43,327",S,17803,1
303,"2021-11-22 23:00:00,570",B,17864,1
304,"2021-11-22 23:00:03,019",B,17868,1
305,"2021-11-22 23:24:39,041",B,17885,1
306,"2021-11-22 23:43:38,686",B,17887,1
307,"2021-11-23 00:57:00,730",S,17784,1
308,"2021-11-23 01:00:00,623",S,17786,1
309,"2021-11-23 01:00:00,782",S,17782,2
310,"2021-11-23 01:03:31,883",S,17752,1
311,"2021-11-23 03:42:18,803",B,17808,2
312,"2021-11-23 04:44:00,562",B,17810,1
313,"2021-11-23 04:53:00,835",S,17783,1
314,"2021-11-23 04:54:00,258",S,17781,1
315,"2021-11-23 04:59:45,892",S,17748,1
316,"2021-11-23 08:45:00,500",S,17756,1
317,"2021-11-23 08:45:00,602",S,17753,1
318,"2021-11-23 08:45:01,261",S,17745,1
319,"2021-11-23 09:03:01,702",S,17701,1
320,"2021-11-23 09:06:54,240",S,17694,1
321,"2021-11-23 09:06:58,518",S,17694,1
322,"2021-11-23 09:15:00,845",B,17722,1
323,"2021-11-23 09:15:01,293",S,17722,1
324,"2021-11-23 09:17:44,704",S,17682,1
325,"2021-11-23 09:25:01,300",S,17666,1
326,"2021-11-23 09:35:01,027",B,17705,1
327,"2021-11-23 09:36:03,432",B,17719,1
328,"2021-11-23 09:43:35,337",B,17742,1
329,"2021-11-23 09:48:05,352",S,17732,1
330,"2021-11-23 10:42:10,146",S,17656,1
331,"2021-11-23 10:42:11,336",S,17659,1
332,"2021-11-23 10:42:18,562",S,17658,1
333,"2021-11-23 10:45:01,069",S,17663,1
334,"2021-11-23 10:51:00,938",S,17664,1
335,"2021-11-23 10:57:57,592",B,17687,1
336,"2021-11-23 13:35:00,600",B,17662,1
337,"2021-11-23 15:44:13,062",B,17657,1
338,"2021-11-24 02:30:33,156",S,17568,1
339,"2021-11-24 04:06:38,552",B,17618,1
340,"2021-11-24 08:51:32,855",B,17620,1
341,"2021-11-24 09:00:10,015",B,17651,1
342,"2021-11-24 09:50:29,619",B,17692,1
343,"2021-11-24 09:51:01,378",B,17690,1
344,"2021-11-24 09:52:14,506",B,17697,1
345,"2021-11-24 09:52:15,147",B,17697,1
346,"2021-11-24 10:00:36,599",S,17675,1
347,"2021-11-24 10:00:55,175",S,17669,1
348,"2021-11-24 11:05:03,739",S,17613,1
349,"2021-11-24 11:09:53,619",S,17602,1
350,"2021-11-24 11:15:01,398",B,17611,1
351,"2021-11-24 11:34:02,440",S,17625,1
352,"2021-11-24 13:33:00,846",B,17666,1
353,"2021-11-24 13:35:01,302",B,17679,1
354,"2021-11-24 13:37:21,284",B,17682,1
355,"2021-11-24 21:42:01,028",S,17628,1
356,"2021-11-24 22:33:09,711",S,17590,1
357,"2021-11-24 22:36:49,835",B,17621,1
358,"2021-11-25 04:14:58,680",B,17677,1
359,"2021-11-25 04:50:25,759",B,17684,1
360,"2021-11-25 04:54:01,191",S,17683,1
361,"2021-11-25 04:57:48,098",B,17687,1
362,"2021-11-25 08:45:01,713",B,17715,1
363,"2021-11-25 09:24:01,107",S,17639,1
364,"2021-11-25 09:28:51,492",S,17609,1
365,"2021-11-25 09:30:01,710",S,17600,1
366,"2021-11-25 10:03:00,744",B,17636,1
367,"2021-11-25 11:22:01,930",B,17678,1
368,"2021-11-25 12:52:02,063",S,17652,1
369,"2021-11-25 13:33:00,968",S,17674,1
370,"2021-11-25 13:44:00,613",B,17670,1
371,"2021-11-25 16:00:00,473",S,17639,1
372,"2021-11-25 18:42:03,504",S,17626,1
373,"2021-11-26 04:54:01,960",B,17654,1
374,"2021-11-26 09:03:05,922",B,17563,1
375,"2021-11-26 09:20:23,132",S,17506,1
376,"2021-11-26 09:20:23,234",S,17506,1
377,"2021-11-26 09:29:14,444",S,17485,1
378,"2021-11-26 09:29:14,716",S,17485,1
379,"2021-11-26 09:29:17,105",S,17486,1
380,"2021-11-26 09:35:03,602",S,17439,1
381,"2021-11-26 09:35:05,605",S,17436,1
382,"2021-11-26 09:35:08,437",S,17439,1
383,"2021-11-26 09:35:10,666",S,17436,1
384,"2021-11-26 09:45:01,373",S,17422,1
385,"2021-11-26 09:45:01,628",S,17420,1
386,"2021-11-26 09:48:56,842",B,17451,1
387,"2021-11-26 09:50:24,476",B,17470,1
388,"2021-11-26 10:00:00,407",S,17446,1
389,"2021-11-26 10:03:00,656",S,17442,1
390,"2021-11-26 10:11:19,823",S,17406,1
391,"2021-11-26 10:11:20,371",S,17408,1
392,"2021-11-26 11:21:04,203",B,17357,1
393,"2021-11-26 13:05:41,135",S,17336,1
394,"2021-11-26 15:12:01,028",B,17288,1
395,"2021-11-26 15:32:33,940",B,17304,1
396,"2021-11-26 19:26:53,599",B,17243,2
397,"2021-11-26 19:26:53,673",B,17243,2
398,"2021-11-26 23:00:00,765",B,17255,1
399,"2021-11-26 23:15:00,393",B,17222,1
400,"2021-11-27 02:22:17,646",S,17153,1
401,"2021-11-27 03:30:16,827",B,17092,1
402,"2021-11-27 04:44:49,091",B,17090,1
403,"2021-11-29 08:45:01,260",S,17248,1
404,"2021-11-29 08:49:00,976",B,17269,1
405,"2021-11-29 09:24:54,633",S,17225,1
406,"2021-11-29 09:25:07,116",S,17224,1
407,"2021-11-29 09:35:01,574",B,17243,1
408,"2021-11-29 09:44:22,286",B,17323,1
409,"2021-11-29 09:44:22,471",B,17324,1
410,"2021-11-29 09:44:24,940",B,17320,1
411,"2021-11-29 09:45:00,861",B,17330,1
412,"2021-11-29 09:48:04,312",B,17352,1
413,"2021-11-29 09:48:04,442",B,17354,1
414,"2021-11-29 09:48:05,672",B,17350,1
415,"2021-11-29 09:49:58,400",B,17359,1
416,"2021-11-29 10:00:00,241",B,17367,1
417,"2021-11-29 10:36:10,926",B,17381,1
418,"2021-11-29 12:57:01,795",S,17347,2
419,"2021-11-29 12:57:01,903",S,17347,2
420,"2021-11-29 13:35:00,519",S,17320,1
421,"2021-11-30 04:54:01,012",B,17397,1
422,"2021-11-30 08:45:01,396",B,17438,1
423,"2021-11-30 09:00:42,368",B,17439,2
424,"2021-11-30 09:05:21,687",B,17473,1
425,"2021-11-30 09:15:00,413",B,17498,1
426,"2021-11-30 09:15:02,286",B,17501,1
427,"2021-11-30 09:15:02,328",B,17501,1
428,"2021-11-30 09:15:02,351",B,17501,1
429,"2021-11-30 09:24:15,040",B,17519,2
430,"2021-11-30 09:24:15,142",B,17519,2
431,"2021-11-30 09:26:56,616",B,17525,1
432,"2021-11-30 09:37:01,081",B,17515,1
433,"2021-11-30 09:40:32,112",B,17533,1
434,"2021-11-30 09:40:34,113",B,17536,1
435,"2021-11-30 09:55:31,552",S,17504,1
436,"2021-11-30 09:55:43,371",S,17503,2
437,"2021-11-30 09:55:43,759",S,17503,2
438,"2021-11-30 09:59:31,677",S,17485,1
439,"2021-11-30 10:15:02,429",S,17492,1
440,"2021-11-30 13:05:54,145",S,17447,1
441,"2021-11-30 13:12:58,004",S,17405,1
442,"2021-11-30 13:18:47,169",S,17373,1
443,"2021-11-30 13:20:03,286",S,17335,1
444,"2021-11-30 13:25:02,814",S,17316,1
445,"2021-11-30 13:25:08,101",S,17316,1
446,"2021-11-30 13:33:41,784",B,17343,1
447,"2021-11-30 13:44:01,108",S,17326,1
448,"2021-11-30 15:01:00,054",S,17250,1
449,"2021-11-30 15:29:02,905",S,17266,1
450,"2021-11-30 15:32:17,201",S,17256,1
451,"2021-11-30 16:04:07,182",B,17278,1
452,"2021-11-30 17:06:00,935",S,17245,1
453,"2021-11-30 17:06:41,642",S,17230,1
454,"2021-11-30 18:58:02,364",B,17248,1
455,"2021-12-01 04:40:17,128",B,17310,1
456,"2021-12-01 04:54:00,575",B,17281,1
457,"2021-12-01 09:09:45,030",B,17395,1
458,"2021-12-01 09:15:00,275",B,17419,1
459,"2021-12-01 09:15:00,471",B,17419,1
460,"2021-12-01 09:20:00,889",B,17418,1
461,"2021-12-01 09:25:00,884",S,17380,1
462,"2021-12-01 09:37:01,183",B,17394,1
463,"2021-12-01 09:39:01,696",B,17418,1
464,"2021-12-01 09:43:41,625",B,17430,1
465,"2021-12-01 09:45:00,959",B,17445,1
466,"2021-12-01 09:45:02,110",B,17447,1
467,"2021-12-01 09:55:11,998",B,17453,1
468,"2021-12-01 09:55:13,238",B,17454,1
469,"2021-12-01 10:19:08,352",B,17464,1
470,"2021-12-01 10:45:02,652",B,17488,1
471,"2021-12-01 10:51:01,601",B,17498,1
472,"2021-12-01 10:53:00,709",B,17496,1
473,"2021-12-01 10:58:02,221",B,17518,1
474,"2021-12-01 10:58:02,331",B,17518,1
475,"2021-12-01 11:14:47,603",S,17497,1
476,"2021-12-01 11:21:01,226",S,17487,1
477,"2021-12-01 11:44:26,186",S,17478,1
478,"2021-12-01 12:22:31,025",B,17540,1
479,"2021-12-01 12:22:32,792",B,17545,1
480,"2021-12-01 12:30:19,051",B,17551,1
481,"2021-12-01 12:30:19,890",B,17551,1
482,"2021-12-01 12:37:22,839",B,17566,1
483,"2021-12-01 12:37:23,445",B,17566,1
484,"2021-12-01 12:50:11,536",B,17584,1
485,"2021-12-01 13:33:01,373",S,17577,1
486,"2021-12-01 13:35:00,587",S,17566,1
487,"2021-12-01 13:35:00,850",S,17567,1
488,"2021-12-01 15:24:36,735",S,17571,1
489,"2021-12-01 23:10:24,329",B,17656,1
490,"2021-12-02 02:12:02,468",S,17640,1
491,"2021-12-02 02:12:02,563",S,17640,4
492,"2021-12-02 04:19:24,188",S,17555,1
493,"2021-12-02 04:20:04,426",S,17551,1
494,"2021-12-02 04:36:00,325",S,17527,1
495,"2021-12-02 04:54:03,852",B,17525,1
496,"2021-12-02 09:00:13,511",S,17535,1
497,"2021-12-02 09:26:33,468",B,17621,1
498,"2021-12-02 09:30:01,140",B,17629,1
499,"2021-12-02 09:35:01,358",B,17658,1
500,"2021-12-02 09:57:15,047",B,17694,1
501,"2021-12-02 10:03:52,391",S,17672,1
502,"2021-12-02 10:05:01,254",S,17671,1
503,"2021-12-02 10:24:00,451",S,17641,1
504,"2021-12-02 11:31:26,222",B,17670,2
505,"2021-12-02 13:33:02,562",B,17689,1
506,"2021-12-02 13:35:03,297",S,17688,1
507,"2021-12-02 15:01:00,041",B,17734,1
508,"2021-12-02 15:07:05,389",B,17756,1
509,"2021-12-02 15:29:20,510",S,17723,2
510,"2021-12-02 22:32:47,333",B,17695,2
511,"2021-12-03 04:30:02,850",S,17747,1
512,"2021-12-03 04:40:01,825",S,17766,1
513,"2021-12-03 04:54:00,242",S,17750,1
514,"2021-12-03 09:30:39,448",S,17650,1
515,"2021-12-03 09:45:00,798",S,17637,1
516,"2021-12-03 10:21:01,350",S,17690,1
517,"2021-12-03 10:45:00,443",B,17686,1
518,"2021-12-03 11:16:10,403",B,17726,1
519,"2021-12-03 11:45:15,240",B,17735,1
520,"2021-12-03 12:28:43,651",S,17711,1
521,"2021-12-03 13:33:01,055",B,17709,1
522,"2021-12-03 17:55:24,980",S,17688,1
523,"2021-12-03 18:24:32,145",S,17677,1
524,"2021-12-03 21:47:48,188",S,17699,1
525,"2021-12-03 23:15:01,040",S,17642,1
526,"2021-12-03 23:24:06,980",B,17658,1
527,"2021-12-04 00:00:00,636",S,17626,1
528,"2021-12-04 00:10:01,154",B,17630,3
529,"2021-12-04 01:00:00,171",S,17589,1
530,"2021-12-04 01:00:00,347",S,17588,1
531,"2021-12-04 04:30:05,795",S,17595,2
532,"2021-12-04 04:54:01,553",B,17600,1
533,"2021-12-04 04:54:01,698",B,17601,1
534,"2021-12-06 08:45:02,888",S,17610,1
535,"2021-12-06 08:50:47,763",S,17575,1
536,"2021-12-06 09:03:09,523",S,17567,1
537,"2021-12-06 09:04:01,834",S,17549,1
538,"2021-12-06 09:30:42,722",B,17635,1
539,"2021-12-06 09:35:00,851",B,17630,1
540,"2021-12-06 10:15:01,270",B,17657,1
541,"2021-12-06 10:27:19,410",B,17686,1
542,"2021-12-06 11:06:50,965",B,17701,1
543,"2021-12-06 12:00:21,505",B,17732,1
544,"2021-12-06 12:45:00,932",S,17698,1
545,"2021-12-06 13:30:01,059",B,17684,1
546,"2021-12-06 13:35:00,948",S,17687,1
547,"2021-12-06 17:20:07,860",S,17655,1
548,"2021-12-07 02:00:00,689",B,17697,1
549,"2021-12-07 02:00:01,550",B,17699,1
550,"2021-12-07 04:44:00,498",S,17710,1
551,"2021-12-07 04:54:01,587",S,17714,1
552,"2021-12-07 09:30:44,703",S,17627,1
553,"2021-12-07 09:30:57,889",S,17615,1
554,"2021-12-07 09:33:00,429",S,17606,1
555,"2021-12-07 10:15:31,838",S,17602,1
556,"2021-12-07 13:14:17,781",B,17723,1
557,"2021-12-07 13:15:14,337",B,17737,1
558,"2021-12-07 13:23:51,155",B,17755,1
559,"2021-12-07 13:27:01,282",B,17761,1
560,"2021-12-07 13:30:00,900",B,17775,1
561,"2021-12-07 13:32:00,871",B,17784,1
562,"2021-12-07 15:01:00,052",B,17799,1
563,"2021-12-07 15:10:45,977",S,17785,1
564,"2021-12-07 15:56:00,426",B,17808,2
565,"2021-12-07 16:03:42,267",B,17812,1
566,"2021-12-07 18:54:00,805",B,17849,1
567,"2021-12-08 04:32:17,341",S,17893,1
568,"2021-12-08 04:44:00,413",S,17903,1
569,"2021-12-08 04:46:03,123",S,17900,1
570,"2021-12-08 04:46:03,195",S,17900,2
571,"2021-12-08 04:54:02,192",S,17911,1
572,"2021-12-08 08:45:01,364",B,17947,1
573,"2021-12-08 08:45:01,404",B,17949,2
574,"2021-12-08 09:16:50,845",B,17976,1
575,"2021-12-08 09:16:56,437",B,17981,1
576,"2021-12-08 09:17:00,645",B,17978,1
577,"2021-12-08 09:20:01,317",S,17953,1
578,"2021-12-08 09:28:44,584",B,17988,1
579,"2021-12-08 09:37:01,506",B,17969,1
580,"2021-12-08 09:38:11,675",S,17956,1
581,"2021-12-08 09:45:40,596",S,17923,1
582,"2021-12-08 09:57:55,743",S,17921,1
583,"2021-12-08 11:36:31,791",S,17905,1
584,"2021-12-08 11:45:00,772",S,17869,1
585,"2021-12-08 11:56:43,022",S,17866,1
586,"2021-12-08 12:09:37,678",S,17860,1
587,"2021-12-08 12:21:01,288",B,17885,2
588,"2021-12-08 13:30:00,483",S,17867,1
589,"2021-12-08 13:30:15,050",S,17847,1
590,"2021-12-08 20:09:50,763",S,17883,1
591,"2021-12-08 21:38:58,345",S,17868,1
592,"2021-12-08 22:48:32,030",B,17876,3
593,"2021-12-09 00:23:55,498",B,17880,1
594,"2021-12-09 01:41:39,350",B,17893,1
595,"2021-12-09 04:30:02,581",S,17908,1
596,"2021-12-09 04:40:16,875",B,17912,1
597,"2021-12-09 04:44:00,502",S,17909,1
598,"2021-12-09 04:54:13,578",B,17917,1
599,"2021-12-09 09:23:24,985",B,17936,1
600,"2021-12-09 09:23:26,715",B,17937,1
601,"2021-12-09 09:23:44,392",B,17937,1
602,"2021-12-09 09:25:55,052",B,17944,1
603,"2021-12-09 09:25:55,164",B,17944,1
604,"2021-12-09 09:30:00,622",S,17924,1
605,"2021-12-09 09:32:36,779",S,17911,1
606,"2021-12-09 09:32:36,898",S,17911,1
607,"2021-12-09 09:57:01,388",S,17874,1
608,"2021-12-09 11:51:00,603",S,17867,1
609,"2021-12-09 11:58:38,402",S,17850,1
610,"2021-12-09 12:00:47,053",S,17836,1
611,"2021-12-09 12:00:48,115",S,17838,1
612,"2021-12-09 12:05:00,571",S,17822,1
613,"2021-12-09 23:29:28,266",S,17861,1
614,"2021-12-10 04:54:10,586",B,17849,1
615,"2021-12-10 08:45:00,601",S,17802,1
616,"2021-12-10 08:45:01,455",S,17794,2
617,"2021-12-10 09:12:56,578",S,17785,1
618,"2021-12-10 09:21:47,700",B,17800,1
619,"2021-12-10 09:50:00,852",B,17854,1
620,"2021-12-10 13:35:01,821",S,17820,1
621,"2021-12-10 15:01:00,041",B,17825,1
622,"2021-12-10 15:42:01,468",S,17787,1
623,"2021-12-10 19:07:01,875",B,17824,1
624,"2021-12-10 19:24:03,109",B,17831,1
625,"2021-12-10 21:36:04,240",B,17870,1
626,"2021-12-10 22:31:13,456",S,17850,1
627,"2021-12-10 23:15:00,747",S,17845,1
628,"2021-12-10 23:15:00,839",S,17845,1
629,"2021-12-11 03:20:03,858",B,17850,1
630,"2021-12-11 03:30:01,625",B,17857,1
631,"2021-12-11 04:00:15,967",S,17837,1
632,"2021-12-11 04:54:01,952",S,17859,1
633,"2021-12-13 10:08:42,477",S,17871,1
634,"2021-12-13 13:21:00,466",S,17828,1
635,"2021-12-13 13:26:51,508",S,17804,1
636,"2021-12-13 17:13:30,753",B,17786,1
637,"2021-12-13 17:27:41,806",B,17787,1
638,"2021-12-13 18:25:26,520",S,17771,1
639,"2021-12-13 20:12:01,223",S,17763,1
640,"2021-12-13 22:49:02,011",S,17713,2
641,"2021-12-13 23:02:55,415",S,17703,2
642,"2021-12-13 23:24:00,672",S,17692,1
643,"2021-12-14 00:03:39,287",S,17673,1
644,"2021-12-14 00:24:52,919",S,17663,1
645,"2021-12-14 01:25:41,329",B,17694,1
646,"2021-12-14 03:56:33,252",B,17713,1
647,"2021-12-14 04:00:03,047",B,17717,1
648,"2021-12-14 04:06:00,999",B,17712,1
649,"2021-12-14 04:18:30,532",S,17707,1
650,"2021-12-14 04:40:01,894",S,17703,1
651,"2021-12-14 04:44:00,604",B,17701,1
652,"2021-12-14 04:46:24,780",B,17697,2
653,"2021-12-14 04:46:24,854",B,17697,2
654,"2021-12-14 08:45:00,495",S,17671,1
655,"2021-12-14 08:45:00,838",S,17667,1
656,"2021-12-14 09:00:08,763",B,17696,1
657,"2021-12-14 09:08:34,481",S,17664,1
658,"2021-12-14 09:15:01,534",S,17646,1
659,"2021-12-14 09:25:01,881",S,17612,1
660,"2021-12-14 09:35:01,126",B,17686,1
661,"2021-12-14 09:56:56,203",B,17680,1
662,"2021-12-14 10:19:32,182",S,17623,1
663,"2021-12-14 10:35:00,854",S,17630,1
664,"2021-12-14 11:00:54,306",B,17609,1
665,"2021-12-14 12:15:01,274",S,17585,1
666,"2021-12-14 12:45:00,948",S,17606,1
667,"2021-12-14 15:19:03,169",B,17603,1
668,"2021-12-14 22:38:36,602",B,17553,1
669,"2021-12-14 22:44:58,556",B,17565,2
670,"2021-12-15 00:54:00,949",S,17510,1
671,"2021-12-15 01:00:03,938",S,17505,1
672,"2021-12-15 04:30:01,031",S,17565,1
673,"2021-12-15 04:54:11,997",B,17559,1
674,"2021-12-15 08:45:00,641",B,17586,1
675,"2021-12-15 08:49:29,189",S,17565,1
676,"2021-12-15 09:16:17,718",S,17574,1
677,"2021-12-15 09:35:11,727",S,17539,1
678,"2021-12-15 09:51:01,767",B,17620,2
679,"2021-12-15 09:55:00,502",B,17633,2
680,"2021-12-15 09:55:00,801",B,17633,1
681,"2021-12-15 09:57:00,861",B,17632,1
682,"2021-12-15 10:00:02,616",B,17634,1
683,"2021-12-15 10:17:58,280",S,17608,1
684,"2021-12-15 10:17:58,375",S,17609,1
685,"2021-12-15 10:42:40,290",S,17597,1
686,"2021-12-15 10:45:27,333",S,17594,1
687,"2021-12-15 13:27:00,486",S,17630,1
688,"2021-12-16 03:00:19,025",S,17562,1
689,"2021-12-16 03:00:39,411",S,17536,1
690,"2021-12-16 03:08:04,973",B,17612,1
691,"2021-12-16 03:08:06,116",B,17609,1
692,"2021-12-16 03:18:01,260",B,17627,1
693,"2021-12-16 04:30:01,864",B,17730,1
694,"2021-12-16 04:54:00,770",S,17725,1
695,"2021-12-16 08:45:00,491",S,17765,1
696,"2021-12-16 09:06:37,534",S,17743,1
697,"2021-12-16 09:52:02,855",S,17677,1
698,"2021-12-16 10:47:10,818",B,17745,2
699,"2021-12-16 12:56:35,476",B,17758,1
700,"2021-12-16 12:56:52,861",B,17780,1
701,"2021-12-16 12:57:19,520",B,17786,1
702,"2021-12-16 12:57:19,938",B,17787,1
703,"2021-12-16 12:57:29,928",B,17789,2
704,"2021-12-16 13:00:00,547",B,17795,1
705,"2021-12-16 13:33:02,898",B,17791,1
706,"2021-12-16 13:35:51,018",B,17796,1
707,"2021-12-16 13:35:51,133",B,17797,1
708,"2021-12-16 13:44:00,518",S,17799,1
709,"2021-12-16 21:11:00,419",S,17820,1
710,"2021-12-16 21:16:43,474",S,17819,1
711,"2021-12-16 22:00:03,796",S,17820,1
712,"2021-12-16 23:00:02,316",S,17803,1
713,"2021-12-17 01:00:00,769",S,17759,1
714,"2021-12-17 01:16:00,777",S,17748,2
715,"2021-12-17 01:16:00,838",S,17748,1
716,"2021-12-17 01:16:00,868",S,17747,1
717,"2021-12-17 04:27:07,163",B,17718,1
718,"2021-12-17 08:51:01,523",B,17735,1
719,"2021-12-17 09:39:01,294",S,17749,1
720,"2021-12-17 09:42:03,537",B,17763,1
721,"2021-12-17 09:51:40,395",B,17784,1
722,"2021-12-17 10:00:00,636",B,17780,1
723,"2021-12-17 10:01:04,702",S,17767,1
724,"2021-12-17 10:21:00,892",B,17786,1
725,"2021-12-17 10:51:00,596",S,17768,1
726,"2021-12-17 11:55:43,435",S,17738,1
727,"2021-12-17 13:30:10,770",B,17775,1
728,"2021-12-17 13:33:00,992",B,17780,1
729,"2021-12-17 16:01:45,235",B,17808,1
730,"2021-12-17 16:01:45,299",B,17806,1
731,"2021-12-17 16:42:21,005",S,17787,1
732,"2021-12-17 16:42:21,077",S,17787,1
733,"2021-12-17 20:00:00,959",B,17776,1
734,"2021-12-17 23:15:00,621",S,17742,1
735,"2021-12-18 04:00:10,132",S,17779,1
736,"2021-12-18 04:54:08,095",S,17758,1
737,"2021-12-20 08:56:03,728",S,17692,1
738,"2021-12-20 09:06:01,039",B,17713,1
739,"2021-12-20 10:00:02,342",S,17674,1
740,"2021-12-20 10:01:58,122",S,17645,1
741,"2021-12-20 10:01:59,160",S,17645,1
742,"2021-12-20 10:01:59,334",S,17645,1
743,"2021-12-20 10:01:59,891",S,17644,1
744,"2021-12-20 10:05:17,383",S,17626,1
745,"2021-12-20 10:09:00,992",S,17631,1
746,"2021-12-20 10:15:23,669",B,17647,1
747,"2021-12-20 10:35:01,880",S,17635,1
748,"2021-12-20 10:36:48,955",S,17607,1
749,"2021-12-20 10:36:49,037",S,17607,1
750,"2021-12-20 10:36:49,063",S,17607,1
751,"2021-12-20 10:36:50,815",S,17607,1
752,"2021-12-20 10:38:00,211",S,17606,1
753,"2021-12-20 11:00:00,510",S,17590,1
754,"2021-12-20 11:05:06,071",S,17574,1
755,"2021-12-20 11:08:02,319",S,17581,1
756,"2021-12-20 12:25:00,908",B,17625,1
757,"2021-12-20 12:50:00,957",B,17643,2
758,"2021-12-20 12:50:01,981",B,17644,2
759,"2021-12-20 13:09:02,148",B,17625,1
760,"2021-12-20 13:27:55,460",S,17609,1
761,"2021-12-20 13:35:01,362",S,17604,1
762,"2021-12-20 13:44:00,748",B,17587,1
763,"2021-12-20 15:28:01,348",S,17516,1
764,"2021-12-20 15:36:23,393",B,17536,1
765,"2021-12-20 15:42:15,005",B,17538,1
766,"2021-12-20 15:55:33,643",B,17545,1
767,"2021-12-20 15:56:08,615",B,17542,1
768,"2021-12-20 16:23:42,198",S,17510,1
769,"2021-12-20 17:01:25,756",S,17507,1
770,"2021-12-20 17:58:32,782",B,17531,1
771,"2021-12-20 19:33:00,909",B,17556,1
772,"2021-12-20 19:58:19,728",B,17572,1
773,"2021-12-21 02:40:17,076",B,17616,2
774,"2021-12-21 02:49:27,092",B,17616,1
775,"2021-12-21 04:54:02,496",S,17630,1
776,"2021-12-21 09:12:17,132",B,17655,1
777,"2021-12-21 09:22:18,144",S,17639,1
778,"2021-12-21 09:31:47,846",B,17685,1
779,"2021-12-21 09:31:52,563",B,17684,1
780,"2021-12-21 09:31:52,887",B,17684,1
781,"2021-12-21 09:33:01,181",B,17699,1
782,"2021-12-21 09:35:00,647",B,17714,1
783,"2021-12-21 09:45:00,470",B,17724,1
784,"2021-12-21 09:52:45,788",B,17734,1
785,"2021-12-21 10:00:01,811",B,17727,1
786,"2021-12-21 10:02:39,905",B,17756,1
787,"2021-12-21 10:16:00,558",B,17757,1
788,"2021-12-21 10:17:23,266",B,17772,1
789,"2021-12-21 10:17:25,133",B,17772,1
790,"2021-12-21 10:17:25,185",B,17772,1
791,"2021-12-21 10:35:01,791",B,17759,1
792,"2021-12-21 10:45:02,587",B,17754,1
793,"2021-12-21 10:51:04,466",B,17767,1
794,"2021-12-21 11:13:56,519",B,17775,1
795,"2021-12-21 11:21:01,573",S,17778,1
796,"2021-12-21 11:26:03,390",B,17784,1
797,"2021-12-21 12:05:40,773",B,17787,1
798,"2021-12-21 12:05:41,111",B,17788,1
799,"2021-12-21 12:40:01,814",B,17822,1
800,"2021-12-21 12:47:06,371",B,17825,1
801,"2021-12-21 13:32:11,005",S,17799,1
802,"2021-12-21 13:32:12,318",S,17798,1
803,"2021-12-21 13:35:00,622",S,17793,1
804,"2021-12-21 15:49:02,678",S,17792,2
805,"2021-12-21 15:49:02,740",S,17792,2
806,"2021-12-21 16:00:23,313",S,17781,1
807,"2021-12-21 16:04:00,631",S,17780,1
808,"2021-12-21 16:16:54,805",S,17774,1
809,"2021-12-22 01:45:43,232",B,17824,1
810,"2021-12-22 01:48:11,749",B,17824,1
811,"2021-12-22 04:44:00,525",S,17834,1
812,"2021-12-22 04:54:01,052",S,17844,1
813,"2021-12-22 09:13:00,601",S,17813,1
814,"2021-12-22 09:22:10,795",B,17827,1
815,"2021-12-22 10:02:06,113",B,17821,1
816,"2021-12-22 10:10:32,642",S,17799,1
817,"2021-12-22 11:05:58,094",B,17807,1
818,"2021-12-22 13:33:01,328",S,17829,1
819,"2021-12-22 15:06:07,704",B,17838,1
820,"2021-12-22 23:38:02,688",B,17883,1
821,"2021-12-22 23:48:51,189",B,17891,1
822,"2021-12-22 23:48:51,290",B,17891,1
823,"2021-12-22 23:48:51,369",B,17891,1
824,"2021-12-22 23:52:00,393",B,17895,1
825,"2021-12-23 00:00:00,846",B,17900,1
826,"2021-12-23 04:44:00,736",S,17946,2
827,"2021-12-23 04:46:18,150",S,17947,2
828,"2021-12-23 04:46:18,224",S,17947,2
829,"2021-12-23 04:54:01,179",S,17947,1
830,"2021-12-23 09:09:00,294",S,17932,1
831,"2021-12-23 09:18:05,695",S,17921,1
832,"2021-12-23 09:26:01,911",B,17924,1
833,"2021-12-23 09:26:43,037",B,17967,1
834,"2021-12-23 09:27:49,506",B,17978,1
835,"2021-12-23 09:35:04,868",S,17907,1
836,"2021-12-23 09:53:31,278",B,17964,1
837,"2021-12-23 11:06:14,816",S,17927,1
838,"2021-12-23 11:30:00,406",B,17939,1
839,"2021-12-23 13:35:01,865",B,17941,1
840,"2021-12-23 15:48:01,024",B,17968,1
841,"2021-12-23 23:14:08,188",B,17985,1
842,"2021-12-24 04:00:10,836",S,17993,1
843,"2021-12-24 04:44:00,539",S,17997,2
844,"2021-12-24 04:54:11,183",S,17997,1
845,"2021-12-24 08:45:01,288",B,18017,1
846,"2021-12-24 09:06:01,349",S,18004,1
847,"2021-12-24 09:15:00,505",B,17998,1
848,"2021-12-24 09:34:28,819",B,18030,1
849,"2021-12-24 09:34:33,133",B,18030,1
850,"2021-12-24 09:40:01,019",S,18010,1
851,"2021-12-24 09:49:17,971",B,18030,1
852,"2021-12-24 10:45:17,527",B,18020,1
853,"2021-12-24 10:50:13,065",S,18006,1
854,"2021-12-24 10:51:20,052",S,17980,2
855,"2021-12-24 12:46:55,503",S,17970,1
856,"2021-12-24 13:26:15,477",S,17956,1
857,"2021-12-24 15:22:57,154",B,17952,1
858,"2021-12-24 17:59:19,182",S,17953,1
859,"2021-12-24 22:05:10,644",S,17972,1
860,"2021-12-24 22:30:07,080",B,17979,1
861,"2021-12-24 23:15:18,415",S,17981,1
862,"2021-12-25 01:54:18,282",S,17962,1
863,"2021-12-25 04:54:34,348",B,17949,1
864,"2021-12-27 09:06:01,755",B,17991,1
865,"2021-12-27 09:22:44,767",B,18016,1
866,"2021-12-27 09:22:44,862",B,18016,1
867,"2021-12-27 09:25:02,776",B,18025,1
868,"2021-12-27 09:25:03,854",B,18024,1
869,"2021-12-27 09:27:20,315",B,18028,1
870,"2021-12-27 09:27:20,838",B,18028,1
871,"2021-12-27 09:27:21,163",B,18029,1
872,"2021-12-27 09:27:48,495",B,18037,1
873,"2021-12-27 09:33:01,513",B,18054,1
874,"2021-12-27 09:35:02,557",B,18059,1
875,"2021-12-27 09:35:48,477",B,18062,1
876,"2021-12-27 09:37:01,485",B,18063,1
877,"2021-12-27 09:45:00,717",B,18066,1
878,"2021-12-27 09:45:01,921",B,18063,1
879,"2021-12-27 09:51:33,980",B,18073,1
880,"2021-12-27 10:01:02,349",B,18069,1
881,"2021-12-27 10:17:19,290",B,18081,1
882,"2021-12-27 10:42:56,607",S,18084,8
883,"2021-12-27 12:26:08,408",S,18077,1
884,"2021-12-27 13:03:41,718",S,18068,1
885,"2021-12-27 13:33:00,988",S,18070,1
886,"2021-12-27 13:35:01,467",S,18060,1
887,"2021-12-27 15:28:07,592",S,18067,4
888,"2021-12-28 04:00:59,869",S,18121,1
889,"2021-12-28 04:18:30,696",S,18117,1
890,"2021-12-28 04:44:00,489",S,18125,1
891,"2021-12-28 04:54:03,453",S,18128,1
892,"2021-12-28 08:45:00,453",B,18118,1
893,"2021-12-28 09:00:06,751",S,18122,1
894,"2021-12-28 09:09:02,166",B,18145,1
895,"2021-12-28 09:14:12,548",B,18145,1
896,"2021-12-28 09:15:00,860",B,18147,1
897,"2021-12-28 09:18:32,371",S,18132,1
898,"2021-12-28 09:54:46,303",B,18147,1
899,"2021-12-28 09:54:47,109",B,18154,1
900,"2021-12-28 09:55:17,171",B,18157,1
901,"2021-12-28 09:55:17,744",B,18157,1
902,"2021-12-28 10:03:08,325",S,18138,1
903,"2021-12-28 10:03:08,433",S,18137,1
904,"2021-12-28 10:16:00,921",B,18155,1
905,"2021-12-28 11:18:02,538",S,18125,1
906,"2021-12-28 11:46:11,563",B,18159,1
907,"2021-12-28 11:46:12,564",B,18158,1
908,"2021-12-28 11:46:12,669",B,18159,1
909,"2021-12-28 11:49:38,440",B,18162,1
910,"2021-12-28 11:57:01,755",B,18168,1
911,"2021-12-28 12:21:01,413",B,18188,1
912,"2021-12-28 13:41:04,525",B,18203,1
913,"2021-12-28 13:44:00,562",S,18205,1
914,"2021-12-28 15:40:01,206",S,18217,1
915,"2021-12-28 22:09:13,960",S,18230,1
916,"2021-12-28 23:31:00,612",S,18233,2
917,"2021-12-28 23:31:00,671",S,18233,1
918,"2021-12-29 00:37:09,533",S,18214,1
919,"2021-12-29 00:43:10,165",S,18212,1
920,"2021-12-29 01:48:01,343",S,18190,1
921,"2021-12-29 02:00:00,606",B,18195,1
922,"2021-12-29 02:24:05,854",S,18188,1
923,"2021-12-29 04:54:00,454",B,18194,1
924,"2021-12-29 09:00:06,943",S,18223,1
925,"2021-12-29 09:10:01,949",B,18241,1
926,"2021-12-29 09:12:01,593",B,18238,1
927,"2021-12-29 09:15:12,273",S,18227,1
928,"2021-12-29 09:39:03,758",S,18210,1
929,"2021-12-29 09:43:15,751",S,18193,1
930,"2021-12-29 10:31:46,630",B,18220,1
931,"2021-12-29 10:34:51,601",B,18223,1
932,"2021-12-29 10:49:59,899",B,18243,1
933,"2021-12-29 12:27:02,959",B,18252,1
934,"2021-12-29 13:15:43,979",S,18269,1
935,"2021-12-29 13:33:01,294",B,18258,1
936,"2021-12-29 13:33:06,581",S,18257,1
937,"2021-12-29 13:44:00,696",S,18273,1
938,"2021-12-30 03:12:02,734",B,18265,1
939,"2021-12-30 04:40:08,110",S,18272,1
940,"2021-12-30 04:54:00,688",S,18273,1
941,"2021-12-30 10:15:00,911",S,18235,1
942,"2021-12-30 10:41:56,287",S,18213,1
943,"2021-12-30 11:12:21,049",S,18183,1
944,"2021-12-30 11:12:44,148",S,18184,1
945,"2021-12-30 11:19:00,929",S,18199,1
946,"2021-12-30 16:16:47,151",B,18237,1
947,"2021-12-30 17:24:08,317",B,18238,1
948,"2021-12-30 22:48:04,925",S,18246,1
949,"2021-12-31 01:45:37,930",B,18260,1
950,"2022-01-03 08:45:26,482",B,18299,1
951,"2022-01-03 08:55:01,836",B,18327,1
952,"2022-01-03 09:00:10,597",B,18339,1
953,"2022-01-03 09:12:46,499",B,18364,1
954,"2022-01-03 09:12:47,468",B,18362,1
955,"2022-01-03 09:13:00,486",B,18361,1
956,"2022-01-03 09:15:00,640",B,18368,1
957,"2022-01-03 09:20:01,358",B,18379,2
958,"2022-01-03 09:20:02,767",B,18379,1
959,"2022-01-03 09:20:02,805",B,18380,1
960,"2022-01-03 09:25:03,105",B,18380,1
961,"2022-01-03 09:27:01,251",B,18384,1
962,"2022-01-03 09:27:34,637",B,18388,2
963,"2022-01-03 09:35:29,122",S,18362,2
964,"2022-01-03 09:35:29,901",S,18361,2
965,"2022-01-03 09:36:08,323",S,18355,1
966,"2022-01-03 09:36:59,671",S,18336,1
967,"2022-01-03 09:39:11,322",S,18300,1
968,"2022-01-03 09:39:11,424",S,18300,1
969,"2022-01-03 09:40:01,130",S,18290,1
970,"2022-01-03 09:41:00,725",S,18282,2
971,"2022-01-03 09:46:36,884",S,18260,1
972,"2022-01-03 09:57:01,677",S,18265,1
973,"2022-01-03 11:19:03,533",S,18217,1
974,"2022-01-03 11:45:02,311",S,18220,1
975,"2022-01-03 13:33:01,346",S,18264,1
976,"2022-01-03 16:17:01,971",B,18290,1
977,"2022-01-04 00:00:01,453",B,18335,1
978,"2022-01-04 00:47:22,637",B,18336,1
979,"2022-01-04 01:21:25,560",B,18348,1
980,"2022-01-04 04:44:00,567",S,18352,2
981,"2022-01-04 04:54:00,558",S,18362,1
982,"2022-01-04 08:51:00,991",S,18375,1
983,"2022-01-04 08:56:53,796",B,18389,1
984,"2022-01-04 09:05:51,405",B,18422,1
985,"2022-01-04 09:06:01,085",B,18424,1
986,"2022-01-04 09:14:56,169",B,18437,1
987,"2022-01-04 09:20:48,460",B,18445,1
988,"2022-01-04 09:20:48,502",B,18446,1
989,"2022-01-04 09:20:48,587",B,18445,2
990,"2022-01-04 09:25:01,107",B,18460,1
991,"2022-01-04 09:25:01,740",B,18461,1
992,"2022-01-04 09:27:02,329",B,18459,1
993,"2022-01-04 09:33:02,486",B,18492,1
994,"2022-01-04 09:37:00,797",B,18482,1
995,"2022-01-04 09:37:01,020",B,18482,1
996,"2022-01-04 09:40:21,116",S,18459,1
997,"2022-01-04 09:55:00,755",S,18442,1
998,"2022-01-04 10:00:03,054",S,18440,2
999,"2022-01-04 10:00:05,159",S,18440,2
1000,"2022-01-04 10:07:13,953",S,18421,2
1001,"2022-01-04 10:42:02,053",S,18461,1
1002,"2022-01-04 11:35:06,867",B,18469,1
1003,"2022-01-04 11:38:54,928",B,18476,1
1004,"2022-01-04 11:38:55,357",B,18476,1
1005,"2022-01-04 12:45:01,661",B,18488,1
1006,"2022-01-04 13:12:40,379",B,18500,1
1007,"2022-01-04 13:12:40,467",B,18500,1
1008,"2022-01-04 13:18:14,658",B,18501,1
1009,"2022-01-04 13:33:03,115",B,18521,1
1010,"2022-01-04 13:35:00,618",S,18517,1
1011,"2022-01-04 13:35:00,974",B,18519,1
1012,"2022-01-04 20:15:03,284",S,18550,1
1013,"2022-01-04 20:15:03,346",S,18550,2
1014,"2022-01-04 21:36:56,312",S,18537,1
1015,"2022-01-04 21:37:07,734",S,18531,1
1016,"2022-01-04 21:46:13,855",S,18540,1
1017,"2022-01-04 23:58:12,748",S,18517,1
1018,"2022-01-05 03:00:00,403",S,18476,1
1019,"2022-01-05 03:12:30,065",B,18485,1
1020,"2022-01-05 04:12:06,420",B,18521,1
1021,"2022-01-05 04:44:00,551",S,18517,1
1022,"2022-01-05 04:54:01,189",S,18526,1
1023,"2022-01-05 08:45:10,298",S,18486,1
1024,"2022-01-05 09:15:42,292",B,18539,1
1025,"2022-01-05 09:15:45,317",B,18544,1
1026,"2022-01-05 09:20:22,767",S,18526,1
1027,"2022-01-05 09:25:53,837",B,18545,1
1028,"2022-01-05 09:25:54,134",B,18546,2
1029,"2022-01-05 09:30:29,210",S,18525,1
1030,"2022-01-05 09:30:29,297",S,18525,1
1031,"2022-01-05 09:35:01,432",S,18500,1
1032,"2022-01-05 09:39:01,622",S,18508,1
1033,"2022-01-05 10:45:00,613",S,18497,2
1034,"2022-01-05 11:28:30,708",S,18451,1
1035,"2022-01-05 13:03:36,555",S,18447,1
1036,"2022-01-05 13:20:53,937",S,18445,1
1037,"2022-01-05 13:21:00,910",S,18445,1
1038,"2022-01-05 13:33:00,966",B,18477,1
1039,"2022-01-05 13:35:01,448",S,18478,1
1040,"2022-01-05 17:17:05,512",B,18552,1
1041,"2022-01-05 18:03:26,997",B,18560,1
1042,"2022-01-05 18:03:27,627",B,18561,1
1043,"2022-01-05 18:04:00,673",B,18561,1
1044,"2022-01-05 18:09:02,680",B,18563,1
1045,"2022-01-05 20:04:13,615",S,18545,1
1046,"2022-01-05 21:33:39,378",B,18548,1
1047,"2022-01-06 00:48:04,337",S,18506,1
1048,"2022-01-06 00:48:04,403",S,18506,2
1049,"2022-01-06 02:08:17,669",S,18499,1
1050,"2022-01-06 03:16:00,587",S,18459,2
1051,"2022-01-06 03:22:00,582",S,18430,1
1052,"2022-01-06 04:35:08,025",S,18344,1
1053,"2022-01-06 04:44:00,542",B,18361,1
1054,"2022-01-06 04:53:02,429",B,18325,1
1055,"2022-01-06 04:54:00,713",B,18325,1
1056,"2022-01-06 08:45:01,301",S,18334,1
1057,"2022-01-06 08:45:01,330",S,18332,1
1058,"2022-01-06 09:00:20,852",S,18328,2
1059,"2022-01-06 09:05:43,386",S,18315,2
1060,"2022-01-06 09:19:26,823",B,18378,1
1061,"2022-01-06 09:19:37,154",B,18380,1
1062,"2022-01-06 09:30:01,435",B,18404,1
1063,"2022-01-06 10:11:57,505",S,18323,1
1064,"2022-01-06 10:12:07,489",S,18318,1
1065,"2022-01-06 10:15:55,488",S,18293,1
1066,"2022-01-06 10:20:01,337",B,18332,1
1067,"2022-01-06 10:23:25,389",B,18332,1
1068,"2022-01-06 10:45:01,475",S,18275,2
1069,"2022-01-06 10:45:02,534",S,18274,1
1070,"2022-01-06 12:10:52,228",B,18262,1
1071,"2022-01-06 13:26:22,226",B,18311,1
1072,"2022-01-06 13:35:00,370",S,18351,1
1073,"2022-01-06 15:20:04,128",B,18373,1
1074,"2022-01-06 20:30:03,733",B,18368,1
1075,"2022-01-07 04:05:35,598",B,18422,1
1076,"2022-01-07 04:54:01,717",B,18385,1
1077,"2022-01-07 09:15:14,167",S,18405,1
1078,"2022-01-07 09:40:01,065",S,18306,1
1079,"2022-01-07 09:46:14,834",B,18275,1
1080,"2022-01-07 09:46:31,306",B,18276,1
1081,"2022-01-07 09:46:49,779",B,18281,1
1082,"2022-01-07 09:46:50,143",B,18282,1
1083,"2022-01-07 10:01:52,091",S,18253,1
1084,"2022-01-07 10:01:52,832",S,18257,1
1085,"2022-01-07 10:02:03,767",S,18246,1
1086,"2022-01-07 10:02:07,448",S,18244,1
1087,"2022-01-07 10:02:20,531",S,18225,1
1088,"2022-01-07 10:02:20,558",S,18225,1
1089,"2022-01-07 10:02:31,078",S,18234,1
1090,"2022-01-07 10:04:34,578",S,18217,1
1091,"2022-01-07 10:05:03,541",S,18200,1
1092,"2022-01-07 10:08:15,781",S,18168,1
1093,"2022-01-07 10:09:03,396",S,18132,1
1094,"2022-01-07 10:15:01,624",B,18177,1
1095,"2022-01-07 10:15:02,165",B,18179,1
1096,"2022-01-07 10:44:28,562",S,18156,1
1097,"2022-01-07 10:45:00,699",S,18154,1
1098,"2022-01-07 10:55:07,250",B,18220,1
1099,"2022-01-07 11:51:36,622",S,18174,1
1100,"2022-01-07 13:10:57,348",S,18151,1
1101,"2022-01-07 13:33:02,348",S,18152,1
1102,"2022-01-07 13:35:00,763",B,18159,1
1103,"2022-01-07 15:12:00,853",S,18111,1
1104,"2022-01-07 15:17:00,718",B,18139,1
1105,"2022-01-07 17:27:01,749",B,18166,4
1106,"2022-01-07 23:15:01,539",S,18157,1
1107,"2022-01-08 04:40:02,153",B,18150,1
1108,"2022-01-08 04:44:00,548",B,18146,1
1109,"2022-01-08 04:54:11,872",B,18142,1
1110,"2022-01-10 08:50:23,882",S,18045,1
1111,"2022-01-10 09:00:06,586",B,18052,1
1112,"2022-01-10 09:11:16,002",B,18096,1
1113,"2022-01-10 09:18:35,410",B,18095,1
1114,"2022-01-10 09:50:17,906",B,18210,1
1115,"2022-01-10 09:53:47,989",B,18220,1
1116,"2022-01-10 09:57:01,281",B,18218,1
1117,"2022-01-10 12:21:49,213",B,18229,1
1118,"2022-01-10 15:31:13,361",B,18299,1
1119,"2022-01-10 19:41:09,599",S,18267,1
1120,"2022-01-10 20:51:01,706",S,18216,1
1121,"2022-01-10 23:02:34,485",S,18154,1
1122,"2022-01-10 23:03:00,919",S,18152,1
1123,"2022-01-10 23:03:01,007",S,18152,1
1124,"2022-01-10 23:10:00,478",B,18176,1
1125,"2022-01-10 23:10:00,560",B,18176,1
1126,"2022-01-10 23:15:00,773",S,18143,1
1127,"2022-01-10 23:48:56,493",S,18114,1
1128,"2022-01-10 23:48:56,592",S,18113,1
1129,"2022-01-10 23:48:56,693",S,18112,1
1130,"2022-01-11 00:03:32,585",S,18106,1
1131,"2022-01-11 00:12:00,024",B,18134,1
1132,"2022-01-11 00:12:00,119",B,18134,1
1133,"2022-01-11 00:12:07,377",B,18139,3
1134,"2022-01-11 00:20:00,748",B,18140,1
1135,"2022-01-11 01:22:07,243",S,18100,1
1136,"2022-01-11 04:30:04,521",S,18166,1
1137,"2022-01-11 04:40:01,107",S,18179,1
1138,"2022-01-11 04:53:05,502",B,18199,1
1139,"2022-01-11 04:54:01,552",S,18198,1
1140,"2022-01-11 08:45:01,463",B,18212,1
1141,"2022-01-11 08:51:02,278",B,18226,1
1142,"2022-01-11 09:24:21,690",S,18165,1
1143,"2022-01-11 09:33:29,969",S,18138,1
1144,"2022-01-11 09:55:04,051",S,18118,1
1145,"2022-01-11 10:03:00,933",S,18112,1
1146,"2022-01-11 10:03:01,156",S,18112,1
1147,"2022-01-11 10:47:20,502",B,18234,1
1148,"2022-01-11 11:07:40,726",B,18238,2
1149,"2022-01-11 11:17:36,668",B,18280,1
1150,"2022-01-11 11:17:36,692",B,18280,1
1151,"2022-01-11 11:17:38,840",B,18279,1
1152,"2022-01-11 11:17:52,643",B,18282,2
1153,"2022-01-11 11:19:36,528",B,18287,1
1154,"2022-01-11 11:19:36,665",B,18287,1
1155,"2022-01-11 11:20:01,193",B,18290,1
1156,"2022-01-11 11:21:48,381",B,18292,1
1157,"2022-01-11 12:04:54,203",S,18261,1
1158,"2022-01-11 13:02:44,208",S,18177,1
1159,"2022-01-11 13:04:00,637",S,18184,2
1160,"2022-01-11 13:04:00,753",S,18184,2
1161,"2022-01-11 13:44:01,191",B,18275,1
1162,"2022-01-11 17:22:48,033",B,18275,1
1163,"2022-01-11 21:00:00,988",S,18246,1
1164,"2022-01-11 23:05:18,804",B,18296,1
1165,"2022-01-11 23:15:36,948",S,18275,1
1166,"2022-01-12 00:18:00,640",B,18335,1
1167,"2022-01-12 04:54:00,648",B,18377,1
1168,"2022-01-12 08:45:00,631",B,18408,1
1169,"2022-01-12 08:45:07,563",B,18409,1
1170,"2022-01-12 08:53:41,844",S,18379,1
1171,"2022-01-12 09:02:06,424",S,18359,1
1172,"2022-01-12 09:06:01,052",S,18363,1
1173,"2022-01-12 09:50:00,570",S,18296,1
1174,"2022-01-12 10:03:02,303",B,18326,1
1175,"2022-01-12 10:35:03,068",B,18300,1
1176,"2022-01-12 10:45:01,362",B,18313,1
1177,"2022-01-12 11:12:15,794",S,18279,1
1178,"2022-01-12 11:15:00,630",S,18283,1
1179,"2022-01-12 11:20:01,079",S,18279,1
1180,"2022-01-12 12:40:01,151",B,18335,1
1181,"2022-01-12 21:36:07,798",B,18409,1
1182,"2022-01-12 21:40:01,061",B,18422,1
1183,"2022-01-12 23:00:00,749",B,18444,1
1184,"2022-01-12 23:05:34,900",S,18426,1
1185,"2022-01-12 23:32:27,611",S,18420,1
1186,"2022-01-13 00:06:15,333",S,18383,1
1187,"2022-01-13 00:06:15,357",S,18382,1
1188,"2022-01-13 04:53:09,949",B,18439,1
1189,"2022-01-13 04:54:01,800",B,18440,1
1190,"2022-01-13 09:00:23,736",B,18395,1
1191,"2022-01-13 09:15:01,212",S,18411,1
1192,"2022-01-13 09:42:02,077",B,18448,1
1193,"2022-01-13 09:42:07,706",B,18463,1
1194,"2022-01-13 09:42:10,551",B,18461,2
1195,"2022-01-13 09:45:00,481",B,18470,1
1196,"2022-01-13 09:50:01,211",S,18433,1
1197,"2022-01-13 09:50:01,312",S,18433,1
1198,"2022-01-13 10:30:25,013",S,18366,1
1199,"2022-01-13 12:00:51,547",B,18433,1
1200,"2022-01-13 12:18:48,661",B,18434,1
1201,"2022-01-13 12:36:11,810",S,18423,1
1202,"2022-01-13 13:35:01,098",B,18437,1
1203,"2022-01-13 15:30:00,493",B,18513,1
1204,"2022-01-13 15:30:14,021",B,18517,1
1205,"2022-01-13 16:10:00,536",B,18545,2
1206,"2022-01-13 16:24:30,343",B,18550,1
1207,"2022-01-13 16:24:30,417",B,18550,1
1208,"2022-01-13 16:28:00,676",B,18560,1
1209,"2022-01-13 16:53:21,903",S,18535,1
1210,"2022-01-13 22:52:03,598",B,18634,1
1211,"2022-01-13 23:16:38,982",S,18609,1
1212,"2022-01-13 23:18:20,369",S,18603,1
1213,"2022-01-13 23:45:16,514",S,18580,1
1214,"2022-01-14 01:20:00,959",S,18567,1
1215,"2022-01-14 04:46:01,768",S,18555,4
1216,"2022-01-14 04:48:16,236",S,18552,1
1217,"2022-01-14 08:45:00,149",B,18552,1
1218,"2022-01-14 08:45:00,285",B,18552,1
1219,"2022-01-14 08:45:00,405",B,18552,1
1220,"2022-01-14 08:49:22,209",S,18505,1
1221,"2022-01-14 09:06:32,833",S,18355,1
1222,"2022-01-14 09:21:36,242",S,18325,1
1223,"2022-01-14 09:21:43,769",S,18351,1
1224,"2022-01-14 09:25:03,309",B,18370,1
1225,"2022-01-14 09:27:00,646",S,18356,1
1226,"2022-01-14 09:27:06,107",B,18362,1
1227,"2022-01-14 09:28:31,650",S,18345,1
1228,"2022-01-14 09:29:53,247",S,18328,1
1229,"2022-01-14 09:29:54,986",S,18329,1
1230,"2022-01-14 09:29:56,163",S,18328,1
1231,"2022-01-14 09:30:09,688",S,18318,1
1232,"2022-01-14 09:30:13,198",S,18317,1
1233,"2022-01-14 09:32:43,554",S,18311,1
1234,"2022-01-14 09:33:00,237",S,18313,1
1235,"2022-01-14 09:33:08,824",S,18307,1
1236,"2022-01-14 09:33:10,366",S,18315,1
1237,"2022-01-14 09:34:01,383",S,18301,1
1238,"2022-01-14 09:41:00,436",S,18321,1
1239,"2022-01-14 09:45:42,007",S,18257,1
1240,"2022-01-14 09:50:00,797",S,18296,1
1241,"2022-01-14 09:50:01,348",B,18298,1
1242,"2022-01-14 12:08:01,968",B,18321,1
1243,"2022-01-14 12:24:40,967",B,18349,1
1244,"2022-01-14 13:25:00,952",B,18373,2
1245,"2022-01-14 13:31:15,949",B,18381,1
1246,"2022-01-14 13:33:01,510",B,18386,1
1247,"2022-01-14 13:35:01,645",B,18370,1
1248,"2022-01-14 13:44:01,149",B,18363,1
1249,"2022-01-14 15:17:31,881",B,18415,1
1250,"2022-01-14 18:16:01,713",B,18406,1
1251,"2022-01-14 20:42:00,599",S,18346,1
1252,"2022-01-14 22:38:18,725",B,18386,1
1253,"2022-01-14 23:15:00,584",S,18411,1
1254,"2022-01-15 04:44:00,457",B,18424,1
1255,"2022-01-15 04:54:03,337",B,18430,1
1256,"2022-01-17 09:19:51,956",B,18477,1
1257,"2022-01-17 09:20:07,402",S,18457,1
1258,"2022-01-17 09:29:26,990",B,18484,1
1259,"2022-01-17 09:29:27,543",B,18481,2
1260,"2022-01-17 09:37:00,592",B,18470,1
1261,"2022-01-17 09:45:01,485",B,18509,1
1262,"2022-01-17 09:56:13,818",B,18513,1
1263,"2022-01-17 09:57:00,671",B,18517,1
1264,"2022-01-17 10:02:02,410",B,18521,1
1265,"2022-01-17 10:02:02,502",B,18521,1
1266,"2022-01-17 10:10:26,615",S,18500,1
1267,"2022-01-17 10:10:26,712",S,18500,1
1268,"2022-01-17 10:28:20,058",S,18488,1
1269,"2022-01-17 13:44:00,909",S,18506,1
1270,"2022-01-18 04:54:08,964",S,18516,1
1271,"2022-01-18 09:00:56,344",S,18478,1
1272,"2022-01-18 09:28:01,962",B,18522,1
1273,"2022-01-18 09:36:21,288",B,18544,1
1274,"2022-01-18 09:41:07,777",B,18563,1
1275,"2022-01-18 09:45:00,479",B,18574,1
1276,"2022-01-18 09:45:00,762",B,18575,1
1277,"2022-01-18 09:45:01,579",B,18574,1
1278,"2022-01-18 09:45:02,981",B,18577,1
1279,"2022-01-18 09:53:57,717",S,18546,1
1280,"2022-01-18 10:15:00,515",S,18556,1
1281,"2022-01-18 10:16:01,176",B,18565,1
1282,"2022-01-18 11:36:18,727",S,18534,1
1283,"2022-01-18 11:45:00,785",S,18502,1
1284,"2022-01-18 12:21:33,436",S,18466,1
1285,"2022-01-18 12:21:34,531",S,18458,1
1286,"2022-01-18 12:26:00,490",S,18468,2
1287,"2022-01-18 12:42:42,552",S,18449,1
1288,"2022-01-18 12:45:01,577",S,18436,1
1289,"2022-01-18 12:59:33,624",S,18432,1
1290,"2022-01-18 13:02:29,933",S,18418,1
1291,"2022-01-18 13:03:00,665",S,18409,1
1292,"2022-01-18 13:05:07,887",S,18396,2
1293,"2022-01-18 13:31:01,202",S,18376,1
1294,"2022-01-18 13:32:10,136",S,18365,1
1295,"2022-01-18 13:35:00,463",S,18364,1
1296,"2022-01-18 13:40:47,101",S,18358,1
1297,"2022-01-18 13:44:00,668",B,18350,1
1298,"2022-01-18 15:09:24,600",S,18340,1
1299,"2022-01-18 15:30:03,656",B,18386,1
1300,"2022-01-18 15:30:03,681",B,18387,1
1301,"2022-01-18 17:24:00,530",S,18309,1
1302,"2022-01-18 21:00:02,693",B,18353,1
1303,"2022-01-18 22:02:07,657",B,18361,1
1304,"2022-01-19 00:50:11,102",B,18344,3
1305,"2022-01-19 01:40:01,865",S,18296,1
1306,"2022-01-19 01:54:04,279",S,18278,1
1307,"2022-01-19 04:44:00,447",B,18257,1
1308,"2022-01-19 04:54:03,092",B,18263,1
1309,"2022-01-19 08:50:01,250",S,18260,1
1310,"2022-01-19 09:15:00,933",B,18309,1
1311,"2022-01-19 09:15:01,093",B,18309,1
1312,"2022-01-19 09:33:00,957",B,18341,1
1313,"2022-01-19 09:44:42,364",S,18294,1
1314,"2022-01-19 10:43:16,332",S,18284,2
1315,"2022-01-19 11:24:23,301",S,18250,1
1316,"2022-01-19 11:25:12,367",S,18245,1
1317,"2022-01-19 11:25:24,473",S,18232,1
1318,"2022-01-19 11:40:00,899",B,18255,1
1319,"2022-01-19 11:47:37,922",S,18227,1
1320,"2022-01-19 11:51:00,424",S,18218,1
1321,"2022-01-19 12:05:00,836",S,18250,1
1322,"2022-01-19 12:45:00,395",B,18240,1
1323,"2022-01-19 13:15:00,532",S,18212,1
1324,"2022-01-19 13:15:01,534",S,18213,1
1325,"2022-01-20 03:30:09,407",S,18173,1
1326,"2022-01-20 04:34:13,132",S,18170,1
1327,"2022-01-20 04:34:13,699",S,18168,1
1328,"2022-01-20 04:54:09,402",B,18166,1
1329,"2022-01-20 08:45:00,688",S,18185,1
1330,"2022-01-20 08:45:01,256",S,18188,1
1331,"2022-01-20 09:15:02,340",S,18167,1
1332,"2022-01-20 09:19:51,606",S,18089,1
1333,"2022-01-20 09:30:21,331",B,18171,1
1334,"2022-01-20 09:45:00,461",B,18145,1
1335,"2022-01-20 10:41:03,069",S,18130,1
1336,"2022-01-20 10:44:04,601",S,18116,1
1337,"2022-01-20 11:41:43,547",B,18198,1
1338,"2022-01-20 11:45:00,951",B,18206,1
1339,"2022-01-20 11:46:19,110",B,18210,1
1340,"2022-01-20 12:03:01,933",B,18223,1
1341,"2022-01-20 12:13:57,841",B,18245,1
1342,"2022-01-20 12:15:05,239",B,18242,1
1343,"2022-01-20 12:45:01,321",B,18232,1
1344,"2022-01-20 13:35:00,781",B,18217,1
1345,"2022-01-21 04:07:20,839",S,18190,1
1346,"2022-01-21 04:07:20,953",S,18190,1
1347,"2022-01-21 04:30:00,551",S,18130,1
1348,"2022-01-21 04:42:00,680",S,18115,1
1349,"2022-01-21 04:52:19,356",S,18068,1
1350,"2022-01-21 04:54:01,587",B,18045,1
1351,"2022-01-21 08:57:00,961",S,18013,1
1352,"2022-01-21 09:03:41,784",S,17993,1
1353,"2022-01-21 09:09:58,518",S,17967,1
1354,"2022-01-21 09:13:52,038",S,17954,1
1355,"2022-01-21 09:16:28,438",B,17980,1
1356,"2022-01-21 09:18:48,147",S,17945,2
1357,"2022-01-21 09:20:01,446",S,17939,1
1358,"2022-01-21 09:20:01,542",S,17939,1
1359,"2022-01-21 09:20:02,148",S,17940,1
1360,"2022-01-21 09:25:01,206",S,17940,1
1361,"2022-01-21 09:27:58,481",B,17948,1
1362,"2022-01-21 09:27:58,578",B,17948,1
1363,"2022-01-21 09:28:23,937",B,17968,1
1364,"2022-01-21 09:29:27,636",B,17979,1
1365,"2022-01-21 09:35:01,194",B,17972,1
1366,"2022-01-21 09:41:00,527",B,17957,1
1367,"2022-01-21 09:43:38,233",S,17924,1
1368,"2022-01-21 09:43:39,373",S,17925,1
1369,"2022-01-21 09:43:39,722",S,17927,1
1370,"2022-01-21 09:43:40,627",S,17927,1
1371,"2022-01-21 09:43:40,729",S,17926,1
1372,"2022-01-21 09:43:41,860",S,17929,1
1373,"2022-01-21 09:43:43,987",S,17928,1
1374,"2022-01-21 09:45:01,035",B,17934,1
1375,"2022-01-21 09:46:08,236",S,17905,1
1376,"2022-01-21 09:46:09,264",S,17902,1
1377,"2022-01-21 09:49:29,517",S,17901,1
1378,"2022-01-21 09:49:30,175",S,17901,1
1379,"2022-01-21 09:55:01,162",B,17943,1
1380,"2022-01-21 09:55:01,747",B,17942,1
1381,"2022-01-21 09:55:02,480",B,17943,2
1382,"2022-01-21 09:59:34,262",B,17958,1
1383,"2022-01-21 10:00:30,115",B,17976,1
1384,"2022-01-21 10:05:11,043",B,18003,1
1385,"2022-01-21 10:13:01,434",B,17990,2
1386,"2022-01-21 10:39:01,015",S,17933,1
1387,"2022-01-21 10:45:02,691",S,17916,1
1388,"2022-01-21 12:48:20,639",S,17861,1
1389,"2022-01-21 13:00:00,807",B,17866,1
1390,"2022-01-21 13:05:48,828",S,17850,1
1391,"2022-01-21 13:33:00,384",B,17883,1
1392,"2022-01-21 15:06:32,598",B,17916,1
1393,"2022-01-21 15:08:07,633",B,17925,1
1394,"2022-01-21 17:31:01,090",B,17933,1
1395,"2022-01-21 18:37:09,169",B,17939,1
1396,"2022-01-21 23:15:00,760",B,17840,1
1397,"2022-01-22 03:36:01,517",S,17803,1
1398,"2022-01-22 04:44:00,515",B,17754,1
1399,"2022-01-22 04:54:00,949",B,17714,1
1400,"2022-01-24 08:45:00,489",B,17741,1
1401,"2022-01-24 09:15:18,425",S,17765,1
1402,"2022-01-24 09:20:01,010",S,17754,1
1403,"2022-01-24 09:25:05,376",S,17712,1
1404,"2022-01-24 09:35:01,159",B,17747,1
1405,"2022-01-24 09:55:17,508",B,17816,1
1406,"2022-01-24 09:55:18,247",B,17814,1
1407,"2022-01-24 10:00:01,126",B,17823,1
1408,"2022-01-24 10:00:01,525",B,17823,1
1409,"2022-01-24 10:00:06,480",B,17824,1
1410,"2022-01-24 10:03:31,264",B,17834,1
1411,"2022-01-24 10:03:31,361",B,17834,1
1412,"2022-01-24 10:45:00,868",B,17863,1
1413,"2022-01-24 10:45:38,958",B,17865,1
1414,"2022-01-24 11:26:28,462",B,17870,1
1415,"2022-01-24 11:27:01,012",B,17872,1
1416,"2022-01-24 12:30:44,317",B,17924,1
1417,"2022-01-24 13:35:00,556",S,17954,1
1418,"2022-01-24 17:16:46,775",S,17924,1
1419,"2022-01-24 17:41:04,969",S,17912,4
1420,"2022-01-24 18:20:00,853",S,17870,1
1421,"2022-01-24 18:24:04,352",S,17871,1
1422,"2022-01-24 22:30:26,154",S,17780,1
1423,"2022-01-24 22:30:26,399",S,17777,1
1424,"2022-01-25 01:17:36,035",S,17518,1
1425,"2022-01-25 01:28:45,195",B,17560,1
1426,"2022-01-25 01:45:00,440",B,17579,1
1427,"2022-01-25 04:30:00,794",B,17750,1
1428,"2022-01-25 04:51:03,239",B,17835,1
1429,"2022-01-25 04:54:01,981",S,17839,1
1430,"2022-01-25 09:00:00,929",S,17733,1
1431,"2022-01-25 09:03:04,213",S,17705,1
1432,"2022-01-25 09:03:28,703",S,17713,1
1433,"2022-01-25 09:12:21,793",S,17679,1
1434,"2022-01-25 09:18:06,053",B,17714,1
1435,"2022-01-25 09:26:56,160",B,17725,1
1436,"2022-01-25 09:39:22,641",S,17650,1
1437,"2022-01-25 09:39:24,528",S,17650,1
1438,"2022-01-25 09:39:24,560",S,17649,1
1439,"2022-01-25 09:46:59,037",B,17674,1
1440,"2022-01-25 09:47:15,100",B,17694,1
1441,"2022-01-25 10:49:14,458",S,17616,1
1442,"2022-01-25 10:49:14,536",S,17617,1
1443,"2022-01-25 11:08:34,603",S,17608,1
1444,"2022-01-25 11:15:02,477",S,17609,1
1445,"2022-01-25 11:35:26,412",S,17580,1
1446,"2022-01-25 12:31:13,137",B,17662,1
1447,"2022-01-25 12:45:01,634",S,17626,1
1448,"2022-01-25 12:45:03,357",S,17625,1
1449,"2022-01-25 13:33:01,849",B,17667,1
1450,"2022-01-25 13:39:01,820",B,17650,1
1451,"2022-01-25 15:40:33,714",B,17571,1
1452,"2022-01-25 22:51:35,360",S,17529,1
1453,"2022-01-26 02:48:33,373",B,17665,2
1454,"2022-01-26 04:54:01,514",B,17621,1
1455,"2022-01-26 10:01:28,555",B,17724,1
1456,"2022-01-26 10:01:28,674",B,17723,1
1457,"2022-01-26 10:29:01,591",B,17726,1
1458,"2022-01-26 10:33:47,748",B,17740,1
1459,"2022-01-26 10:51:01,444",B,17754,1
1460,"2022-01-26 10:51:01,582",B,17755,1
1461,"2022-01-26 11:01:05,605",S,17716,1
1462,"2022-01-26 11:35:01,337",B,17725,1
1463,"2022-01-26 13:13:11,652",S,17681,1
1464,"2022-01-26 13:44:00,991",S,17621,1
1465,"2022-01-27 03:43:15,410",S,17621,1
1466,"2022-01-27 04:06:00,711",S,17467,1
1467,"2022-01-27 04:24:01,744",S,17452,1
1468,"2022-01-27 04:24:15,067",S,17443,1
1469,"2022-01-27 04:24:15,279",S,17441,1
1470,"2022-01-27 04:40:00,336",B,17502,1
1471,"2022-01-27 04:45:01,251",B,17531,1
1472,"2022-01-27 04:54:00,570",B,17501,1
1473,"2022-02-07 08:45:00,634",B,17808,1
1474,"2022-02-07 08:45:01,232",B,17808,1
1475,"2022-02-07 08:49:00,260",B,17747,1
1476,"2022-02-07 09:23:15,734",B,17812,1
1477,"2022-02-07 09:23:18,750",B,17820,1
1478,"2022-02-07 09:23:18,773",B,17820,1
1479,"2022-02-07 09:25:00,794",B,17836,1
1480,"2022-02-07 09:25:01,043",B,17837,1
1481,"2022-02-07 09:25:05,004",B,17840,1
1482,"2022-02-07 09:27:00,502",B,17845,1
1483,"2022-02-07 09:27:02,577",B,17842,1
1484,"2022-02-07 09:27:02,675",B,17842,1
1485,"2022-02-07 09:35:01,204",S,17807,1
1486,"2022-02-07 09:35:20,436",S,17795,1
1487,"2022-02-07 09:40:18,470",S,17783,2
1488,"2022-02-07 09:40:18,583",S,17782,2
1489,"2022-02-07 09:57:00,925",S,17743,1
1490,"2022-02-07 11:45:01,013",B,17796,2
1491,"2022-02-07 12:07:58,884",B,17829,1
1492,"2022-02-07 12:23:15,799",B,17857,1
1493,"2022-02-07 12:23:16,905",B,17859,1
1494,"2022-02-07 12:23:16,935",B,17859,1
1495,"2022-02-07 12:23:16,949",B,17859,1
1496,"2022-02-07 12:23:17,336",B,17862,1
1497,"2022-02-07 12:23:48,729",B,17860,1
1498,"2022-02-07 12:39:51,798",B,17865,1
1499,"2022-02-07 13:44:00,375",S,17891,1
1500,"2022-02-07 15:01:00,048",B,17920,1
1501,"2022-02-07 16:16:10,358",S,17897,1
1502,"2022-02-07 16:16:46,945",S,17891,1
1503,"2022-02-07 17:40:01,872",S,17881,1
1504,"2022-02-07 17:48:03,162",S,17877,2
1505,"2022-02-07 17:48:03,228",S,17877,1
1506,"2022-02-07 22:42:04,654",B,17943,1
1507,"2022-02-08 00:40:04,067",S,17895,1
1508,"2022-02-08 04:40:01,684",B,17906,1
1509,"2022-02-08 04:44:00,574",S,17907,1
1510,"2022-02-08 04:54:06,241",S,17893,1
1511,"2022-02-08 08:45:00,243",B,17959,1
1512,"2022-02-08 08:45:00,604",B,17962,1
1513,"2022-02-08 08:45:00,879",B,17969,1
1514,"2022-02-08 08:47:42,427",B,17973,1
1515,"2022-02-08 08:57:00,510",B,17991,1
1516,"2022-02-08 08:57:51,912",B,17994,1
1517,"2022-02-08 09:04:02,748",B,18010,1
1518,"2022-02-08 09:13:55,925",B,18029,1
1519,"2022-02-08 09:15:13,559",S,18008,1
1520,"2022-02-08 09:37:00,709",B,18006,1
1521,"2022-02-08 09:40:22,663",B,18038,1
1522,"2022-02-08 09:40:37,667",B,18037,1
1523,"2022-02-08 09:51:38,026",S,18012,1
1524,"2022-02-08 10:24:19,876",B,18043,1
1525,"2022-02-08 10:53:00,859",B,18034,1
1526,"2022-02-08 13:25:08,372",S,17997,1
1527,"2022-02-08 13:30:02,469",S,17957,1
1528,"2022-02-08 13:44:01,302",S,17944,1
1529,"2022-02-08 16:01:32,568",S,17947,1
1530,"2022-02-08 20:16:47,309",S,17959,1
1531,"2022-02-09 00:05:01,518",B,18015,1
1532,"2022-02-09 04:44:00,561",S,18038,1
1533,"2022-02-09 04:54:03,751",S,18043,1
1534,"2022-02-09 08:45:00,515",B,18070,1
1535,"2022-02-09 08:57:00,918",B,18082,1
1536,"2022-02-09 09:11:52,994",B,18095,1
1537,"2022-02-09 09:13:02,834",B,18089,1
1538,"2022-02-09 09:16:24,167",S,18079,1
1539,"2022-02-09 09:29:38,746",B,18094,1
1540,"2022-02-09 09:30:08,275",B,18100,1
1541,"2022-02-09 09:30:08,403",B,18100,1
1542,"2022-02-09 09:34:05,437",S,18077,1
1543,"2022-02-09 09:34:05,540",S,18077,1
1544,"2022-02-09 09:35:01,397",S,18075,1
1545,"2022-02-09 09:37:01,105",B,18067,1
1546,"2022-02-09 09:55:51,337",B,18098,1
1547,"2022-02-09 11:02:04,403",B,18106,1
1548,"2022-02-09 11:06:28,426",B,18109,1
1549,"2022-02-09 11:06:28,532",B,18109,1
1550,"2022-02-09 11:51:00,856",B,18114,1
1551,"2022-02-09 11:51:01,206",B,18115,1
1552,"2022-02-09 12:39:01,988",S,18114,1
1553,"2022-02-09 13:05:32,384",B,18155,1
1554,"2022-02-09 17:48:00,416",S,18207,1
1555,"2022-02-09 22:40:56,752",S,18195,1
1556,"2022-02-09 22:56:02,515",S,18181,3
1557,"2022-02-10 04:44:25,698",S,18241,1
1558,"2022-02-10 04:54:08,287",S,18247,1
1559,"2022-02-10 11:15:30,127",B,18232,1
1560,"2022-02-10 11:15:32,607",B,18229,1
1561,"2022-02-10 12:11:49,464",S,18207,1
1562,"2022-02-10 12:23:07,742",B,18247,1
1563,"2022-02-10 12:39:00,545",B,18253,1
1564,"2022-02-10 13:32:01,535",B,18324,1
1565,"2022-02-10 13:32:01,661",B,18324,1
1566,"2022-02-10 13:43:24,553",B,18326,1
1567,"2022-02-10 13:43:24,657",B,18325,1
1568,"2022-02-10 13:44:01,445",S,18327,1
1569,"2022-02-10 15:11:26,149",B,18375,1
1570,"2022-02-10 15:47:35,754",B,18380,1
1571,"2022-02-10 17:01:43,486",S,18363,1
1572,"2022-02-10 17:48:12,870",S,18369,2
1573,"2022-02-10 17:48:12,952",S,18369,2
1574,"2022-02-10 21:32:00,424",S,18324,1
1575,"2022-02-10 21:32:00,825",S,18324,1
1576,"2022-02-10 21:45:00,554",S,18308,1
1577,"2022-02-10 22:24:03,434",S,18266,1
1578,"2022-02-10 22:31:21,296",B,18283,3
1579,"2022-02-10 22:36:00,753",B,18299,1
1580,"2022-02-10 23:09:25,298",B,18362,2
1581,"2022-02-10 23:10:00,374",S,18362,1
1582,"2022-02-11 00:33:33,941",S,18327,1
1583,"2022-02-11 02:30:00,646",S,18249,1
1584,"2022-02-11 02:36:00,691",S,18239,1
1585,"2022-02-11 04:33:11,093",S,18223,1
1586,"2022-02-11 04:44:00,527",S,18222,1
1587,"2022-02-11 04:53:00,632",S,18204,1
1588,"2022-02-11 04:54:01,573",B,18206,1
1589,"2022-02-11 08:57:34,848",B,18219,1
1590,"2022-02-11 11:57:01,478",B,18283,1
1591,"2022-02-11 12:05:02,481",S,18274,2
1592,"2022-02-11 13:18:44,470",B,18260,1
1593,"2022-02-11 17:35:25,404",S,18315,1
1594,"2022-02-11 20:09:42,138",B,18339,1
1595,"2022-02-11 22:31:25,914",B,18359,2
1596,"2022-02-11 22:46:14,047",B,18376,1
1597,"2022-02-11 23:15:00,872",S,18337,1
1598,"2022-02-11 23:15:00,967",S,18336,1
1599,"2022-02-12 00:34:06,516",S,18306,1
1600,"2022-02-12 02:30:00,776",S,18269,1
1601,"2022-02-12 03:18:56,686",B,18236,1
1602,"2022-02-12 03:30:04,645",S,18204,1
1603,"2022-02-12 04:30:00,400",S,18132,2
1604,"2022-02-12 04:40:00,576",S,18107,1
1605,"2022-02-12 04:54:01,164",B,18117,1
1606,"2022-02-14 08:45:00,428",S,18092,1
1607,"2022-02-14 08:45:01,190",S,18082,1
1608,"2022-02-14 08:45:01,399",S,18080,2
1609,"2022-02-14 09:01:58,750",S,18085,1
1610,"2022-02-14 09:05:11,060",S,18019,1
1611,"2022-02-14 09:07:39,134",S,18010,1
1612,"2022-02-14 09:09:00,999",S,18008,1
1613,"2022-02-14 09:10:02,470",S,18007,1
1614,"2022-02-14 09:10:02,577",S,18008,1
1615,"2022-02-14 09:15:00,532",S,18019,1
1616,"2022-02-14 09:15:01,339",S,18021,1
1617,"2022-02-14 09:16:16,275",B,18032,1
1618,"2022-02-14 09:30:00,289",S,18016,1
1619,"2022-02-14 09:34:53,185",S,18013,1
1620,"2022-02-14 09:34:54,326",S,18003,1
1621,"2022-02-14 09:35:08,592",S,17998,1
1622,"2022-02-14 09:35:18,299",S,18002,1
1623,"2022-02-14 09:35:29,562",S,17994,1
1624,"2022-02-14 09:41:01,506",S,17974,1
1625,"2022-02-14 09:41:02,066",S,17972,1
1626,"2022-02-14 09:41:45,977",S,17959,1
1627,"2022-02-14 09:45:01,242",S,17952,1
1628,"2022-02-14 10:00:27,989",S,17940,1
1629,"2022-02-14 10:03:01,256",S,17954,1
1630,"2022-02-14 10:19:25,089",B,17973,1
1631,"2022-02-14 11:59:04,959",B,18010,1
1632,"2022-02-14 12:39:20,066",S,17957,1
1633,"2022-02-14 12:39:20,234",S,17957,2
1634,"2022-02-14 13:35:01,567",B,17993,1
1635,"2022-02-14 13:44:00,318",B,17979,1
1636,"2022-02-14 15:15:17,702",B,17964,1
1637,"2022-02-14 19:40:10,293",B,17921,2
1638,"2022-02-14 19:40:10,381",B,17921,2
1639,"2022-02-14 20:11:16,611",B,17910,3
1640,"2022-02-14 20:29:13,546",B,17915,1
1641,"2022-02-14 20:39:04,830",B,17940,1
1642,"2022-02-14 21:00:02,465",S,17986,1
1643,"2022-02-15 03:00:00,553",S,17838,1
1644,"2022-02-15 04:44:00,300",B,17941,1
1645,"2022-02-15 04:54:01,097",B,17929,1
1646,"2022-02-15 08:45:00,879",S,17908,1
1647,"2022-02-15 09:15:28,189",B,18031,1
1648,"2022-02-15 09:30:51,215",B,18031,1
1649,"2022-02-15 09:30:52,280",B,18030,1
1650,"2022-02-15 09:30:52,964",B,18027,1
1651,"2022-02-15 09:30:53,072",B,18026,1
1652,"2022-02-15 09:34:01,761",S,18012,1
1653,"2022-02-15 09:34:01,867",S,18011,1
1654,"2022-02-15 09:36:34,530",S,18000,1
1655,"2022-02-15 09:45:00,904",B,18029,1
1656,"2022-02-15 09:45:17,944",B,18036,1
1657,"2022-02-15 09:45:18,054",B,18035,1
1658,"2022-02-15 09:45:19,094",B,18036,1
1659,"2022-02-15 09:48:18,611",B,18039,1
1660,"2022-02-15 09:51:00,892",B,18033,1
1661,"2022-02-15 10:29:01,913",B,18093,1
1662,"2022-02-15 12:36:01,268",S,17990,1
1663,"2022-02-15 12:36:01,675",S,17990,1
1664,"2022-02-15 12:36:02,788",S,17990,2
1665,"2022-02-15 13:06:26,669",S,17941,1
1666,"2022-02-15 17:17:59,686",B,18085,1
1667,"2022-02-15 23:48:01,573",B,18147,1
1668,"2022-02-16 00:34:55,292",B,18154,1
1669,"2022-02-16 01:16:14,809",S,18140,1
1670,"2022-02-16 04:54:08,898",S,18180,1
1671,"2022-02-16 08:51:00,648",S,18177,1
1672,"2022-02-16 09:04:01,563",B,18188,1
1673,"2022-02-16 09:18:01,876",S,18184,1
1674,"2022-02-16 09:37:00,299",B,18181,1
1675,"2022-02-16 10:04:48,826",B,18188,1
1676,"2022-02-16 10:05:03,733",B,18196,1
1677,"2022-02-16 10:06:31,325",B,18214,2
1678,"2022-02-16 10:06:31,359",B,18214,1
1679,"2022-02-16 10:15:00,678",B,18232,1
1680,"2022-02-16 10:21:01,371",B,18231,1
1681,"2022-02-16 11:55:06,263",S,18219,1
1682,"2022-02-16 12:07:21,180",S,18190,1
1683,"2022-02-16 12:29:29,539",S,18178,1
1684,"2022-02-16 13:18:01,881",S,18206,1
1685,"2022-02-16 13:27:00,470",S,18205,1
1686,"2022-02-16 16:24:00,907",B,18284,1
1687,"2022-02-17 04:03:07,069",B,18288,1
1688,"2022-02-17 04:03:07,995",B,18290,1
1689,"2022-02-17 04:03:08,745",B,18292,1
1690,"2022-02-17 04:54:07,877",S,18278,1
1691,"2022-02-17 08:45:00,539",B,18274,1
1692,"2022-02-17 08:45:00,907",S,18273,1
1693,"2022-02-17 08:45:01,082",B,18278,1
1694,"2022-02-17 09:15:01,230",B,18279,1
1695,"2022-02-17 09:18:22,593",B,18288,1
1696,"2022-02-17 09:20:19,701",B,18292,1
1697,"2022-02-17 09:55:31,111",B,18295,1
1698,"2022-02-17 10:02:25,282",B,18311,1
1699,"2022-02-17 10:02:28,876",B,18312,1
1700,"2022-02-17 10:02:29,747",B,18311,1
1701,"2022-02-17 10:11:58,044",B,18314,1
1702,"2022-02-17 10:23:50,553",S,18288,1
1703,"2022-02-17 10:24:11,367",S,18284,1
1704,"2022-02-17 10:24:11,471",S,18284,1
1705,"2022-02-17 10:43:33,480",S,18268,1
1706,"2022-02-17 11:15:04,576",B,18320,1
1707,"2022-02-17 11:15:04,691",B,18320,1
1708,"2022-02-17 11:19:34,289",B,18329,1
1709,"2022-02-17 11:19:34,359",B,18330,1
1710,"2022-02-17 11:52:23,994",S,18305,1
1711,"2022-02-17 11:52:24,126",S,18305,1
1712,"2022-02-17 11:56:02,556",S,18253,1
1713,"2022-02-17 11:56:24,909",S,18247,1
1714,"2022-02-17 11:57:06,692",S,18237,1
1715,"2022-02-17 12:03:30,409",S,18196,1
1716,"2022-02-17 12:45:00,555",S,18205,1
1717,"2022-02-17 13:35:00,700",S,18246,1
1718,"2022-02-17 18:52:00,726",B,18257,1
1719,"2022-02-17 20:42:00,727",B,18265,1
1720,"2022-02-17 23:26:46,302",S,18165,1
1721,"2022-02-17 23:26:46,414",S,18164,1
1722,"2022-02-17 23:30:01,962",S,18170,1
1723,"2022-02-17 23:52:01,510",S,18160,1
1724,"2022-02-17 23:52:01,732",S,18159,1
1725,"2022-02-18 04:14:00,949",S,18092,1
1726,"2022-02-18 04:30:29,242",B,18099,1
1727,"2022-02-18 04:54:01,466",S,18076,1
1728,"2022-02-18 08:45:00,431",S,18062,1
1729,"2022-02-18 08:45:00,870",S,18058,1
1730,"2022-02-18 08:45:01,175",S,18061,1
1731,"2022-02-18 09:32:35,073",B,18145,1
1732,"2022-02-18 10:21:01,029",B,18205,1
1733,"2022-02-18 11:27:40,640",B,18216,1
1734,"2022-02-18 11:29:27,663",B,18231,1
1735,"2022-02-18 13:21:27,109",B,18250,1
1736,"2022-02-18 13:21:27,353",B,18249,1
1737,"2022-02-18 18:04:03,550",B,18219,1
1738,"2022-02-18 21:26:03,081",S,18151,1
1739,"2022-02-18 21:32:07,870",S,18135,2
1740,"2022-02-18 21:39:46,473",B,18157,1
1741,"2022-02-18 21:39:46,500",B,18158,1
1742,"2022-02-18 21:52:41,936",B,18168,3
1743,"2022-02-18 22:35:47,427",S,18126,1
1744,"2022-02-18 22:35:47,952",S,18125,1
1745,"2022-02-18 23:15:00,695",B,18169,1
1746,"2022-02-19 00:03:32,412",S,18120,1
1747,"2022-02-19 03:29:14,170",B,18186,2
1748,"2022-02-19 04:00:00,879",B,18186,1
1749,"2022-02-19 04:30:01,294",S,18141,3
1750,"2022-02-19 04:53:00,733",S,18127,1
1751,"2022-02-19 04:54:02,213",S,18130,1
1752,"2022-02-21 08:45:01,328",S,17978,1
1753,"2022-02-21 08:45:01,375",S,17977,1
1754,"2022-02-21 08:45:01,438",S,17976,1
1755,"2022-02-21 08:45:01,467",S,17976,1
1756,"2022-02-21 08:52:01,507",S,17999,1
1757,"2022-02-21 09:06:00,536",B,18091,1
1758,"2022-02-21 09:09:15,660",B,18101,1
1759,"2022-02-21 09:12:04,628",B,18127,1
1760,"2022-02-21 09:58:25,467",B,18193,1
1761,"2022-02-21 09:58:26,331",B,18193,1
1762,"2022-02-21 10:00:00,858",S,18176,1
1763,"2022-02-21 10:50:53,695",B,18191,1
1764,"2022-02-21 10:57:00,415",B,18212,1
1765,"2022-02-21 11:00:28,297",B,18224,1
1766,"2022-02-21 20:36:04,454",S,18131,1
1767,"2022-02-21 21:18:20,982",S,18093,1
1768,"2022-02-21 21:35:29,114",B,18096,1
1769,"2022-02-22 00:00:00,567",S,18120,1
1770,"2022-02-22 01:16:05,058",S,18087,1
1771,"2022-02-22 01:16:08,455",S,18074,1
1772,"2022-02-22 02:54:00,703",S,18030,1
1773,"2022-02-22 03:06:05,006",S,18012,1
1774,"2022-02-22 04:44:00,700",B,18005,1
1775,"2022-02-22 04:54:07,672",B,18009,1
1776,"2022-02-22 08:51:01,244",B,18054,1
1777,"2022-02-22 09:00:00,402",B,18055,1
1778,"2022-02-22 09:00:22,848",S,18053,1
1779,"2022-02-22 09:03:01,189",B,18058,1
1780,"2022-02-22 09:11:45,756",S,17948,1
1781,"2022-02-22 09:11:48,715",S,17949,1
1782,"2022-02-22 09:11:55,295",S,17956,1
1783,"2022-02-22 09:13:12,593",S,17929,1
1784,"2022-02-22 09:14:10,498",S,17930,1
1785,"2022-02-22 09:27:00,761",B,17968,1
1786,"2022-02-22 09:30:12,410",S,17911,1
1787,"2022-02-22 09:30:41,620",S,17899,1
1788,"2022-02-22 09:37:01,215",S,17948,1
1789,"2022-02-22 09:40:02,056",B,17951,1
1790,"2022-02-22 09:49:20,971",S,17896,1
1791,"2022-02-22 09:49:26,055",S,17904,1
1792,"2022-02-22 09:54:54,247",S,17886,1
1793,"2022-02-22 10:05:42,510",B,17922,1
1794,"2022-02-22 10:16:00,480",B,17915,1
1795,"2022-02-22 10:25:05,196",S,17885,2
1796,"2022-02-22 10:27:00,984",S,17873,1
1797,"2022-02-22 10:27:05,642",S,17874,1
1798,"2022-02-22 10:37:00,865",S,17856,1
1799,"2022-02-22 10:37:40,440",S,17850,1
1800,"2022-02-22 10:58:01,567",S,17812,1
1801,"2022-02-22 11:05:00,755",S,17788,1
1802,"2022-02-22 11:05:00,877",S,17789,1
1803,"2022-02-22 11:12:01,301",B,17812,1
1804,"2022-02-22 11:22:13,787",B,17830,2
1805,"2022-02-22 12:24:29,438",B,17853,1
1806,"2022-02-22 13:08:44,006",B,17890,1
1807,"2022-02-22 13:33:00,868",B,17910,1
1808,"2022-02-22 15:46:00,610",B,17865,1
1809,"2022-02-22 17:00:00,709",B,17925,1
1810,"2022-02-23 04:40:02,218",S,17944,1
1811,"2022-02-23 04:54:05,893",B,17867,1
1812,"2022-02-23 08:45:00,691",B,17957,2
1813,"2022-02-23 08:45:00,835",S,17952,1
1814,"2022-02-23 09:01:03,084",B,17965,1
1815,"2022-02-23 09:09:00,809",B,17976,1
1816,"2022-02-23 10:02:10,788",B,18010,1
1817,"2022-02-23 10:28:08,299",S,17977,1
1818,"2022-02-23 10:57:24,520",S,17961,1
1819,"2022-02-23 11:06:02,255",B,17968,1
1820,"2022-02-23 12:35:01,212",B,17998,1
1821,"2022-02-23 12:35:01,401",B,17998,1
1822,"2022-02-23 12:46:20,071",B,18023,1
1823,"2022-02-23 12:46:20,894",B,18020,1
1824,"2022-02-23 13:01:26,692",B,18024,1
1825,"2022-02-23 13:10:10,960",B,18049,1
1826,"2022-02-23 13:35:00,839",B,18033,1
1827,"2022-02-23 18:48:40,197",S,18062,1
1828,"2022-02-24 00:04:12,020",S,17975,1
1829,"2022-02-24 02:06:55,657",S,17961,1
1830,"2022-02-24 02:18:00,331",S,17929,1
1831,"2022-02-24 04:54:00,762",S,17870,1
1832,"2022-02-24 08:55:02,930",S,17790,1
1833,"2022-02-24 09:04:48,745",S,17762,1
1834,"2022-02-24 09:04:49,765",S,17765,1
1835,"2022-02-24 09:05:44,715",S,17769,1
1836,"2022-02-24 09:05:52,905",S,17780,1
1837,"2022-02-24 09:15:00,837",B,17795,1
1838,"2022-02-24 09:16:39,514",B,17806,1
1839,"2022-02-24 09:28:24,385",S,17759,1
1840,"2022-02-24 09:28:25,631",S,17762,1
1841,"2022-02-24 09:28:29,602",S,17762,1
1842,"2022-02-24 09:29:02,865",S,17732,1
1843,"2022-02-24 09:29:31,072",S,17733,1
1844,"2022-02-24 09:30:14,711",S,17731,1
1845,"2022-02-24 09:32:35,137",B,17768,1
1846,"2022-02-24 09:40:24,293",B,17764,1
1847,"2022-02-24 09:42:35,730",S,17730,1
1848,"2022-02-24 09:42:36,022",S,17728,1
1849,"2022-02-24 09:47:11,620",B,17768,1
1850,"2022-02-24 09:48:31,689",B,17780,1
1851,"2022-02-24 09:48:33,000",B,17781,1
1852,"2022-02-24 09:55:00,948",B,17818,1
1853,"2022-02-24 09:57:01,621",B,17812,1
1854,"2022-02-24 11:02:39,529",S,17732,1
1855,"2022-02-24 11:07:08,584",S,17724,1
1856,"2022-02-24 11:07:14,842",S,17711,1
1857,"2022-02-24 11:09:00,757",S,17708,1
1858,"2022-02-24 11:25:14,961",S,17676,1
1859,"2022-02-24 11:26:01,194",S,17673,1
1860,"2022-02-24 11:26:01,294",S,17672,1
1861,"2022-02-24 11:33:30,070",S,17631,1
1862,"2022-02-24 11:45:01,563",B,17649,1
1863,"2022-02-24 12:00:00,517",S,17644,1
1864,"2022-02-24 12:16:59,171",S,17611,1
1865,"2022-02-24 12:50:10,717",B,17633,1
1866,"2022-02-24 13:39:00,351",S,17532,1
1867,"2022-02-24 13:39:00,759",B,17534,1
1868,"2022-02-24 15:06:32,682",B,17510,1
1869,"2022-02-24 15:45:32,428",B,17440,1
1870,"2022-02-24 18:24:00,904",S,17349,1
1871,"2022-02-24 19:12:00,858",S,17261,1
1872,"2022-02-24 19:47:14,335",B,17292,1
1873,"2022-02-24 21:45:18,938",B,17273,5
1874,"2022-02-24 23:17:00,207",B,17323,2
1875,"2022-02-24 23:17:00,269",B,17323,1
1876,"2022-02-25 03:17:30,554",B,17474,1
1877,"2022-02-25 03:24:07,524",B,17472,1
1878,"2022-02-25 04:54:01,224",S,17646,1
1879,"2022-02-25 09:09:01,336",B,17669,1
1880,"2022-02-25 09:20:06,718",B,17674,1
1881,"2022-02-25 09:20:06,782",B,17674,1
1882,"2022-02-25 09:27:00,864",S,17644,1
1883,"2022-02-25 09:27:00,960",S,17644,1
1884,"2022-02-25 09:52:33,758",S,17526,1
1885,"2022-02-25 09:58:22,144",B,17558,1
1886,"2022-02-25 20:18:00,925",B,17617,1
1887,"2022-02-25 21:25:00,766",B,17719,1
1888,"2022-02-25 21:25:00,937",B,17719,1
1889,"2022-02-25 21:35:31,719",B,17725,1
1890,"2022-02-25 21:40:26,972",B,17729,1
1891,"2022-02-25 22:09:13,080",S,17705,1
1892,"2022-02-25 22:10:11,565",S,17696,3
1893,"2022-02-25 22:18:29,414",S,17672,1
1894,"2022-02-26 01:12:01,959",B,17726,1
1895,"2022-02-26 04:54:01,376",S,17773,1
1896,"2022-03-01 09:12:26,177",B,17783,1
1897,"2022-03-01 09:12:56,234",S,17778,1
1898,"2022-03-01 09:20:00,716",B,17817,1
1899,"2022-03-01 09:25:00,734",B,17866,1
1900,"2022-03-01 09:25:01,207",B,17864,1
1901,"2022-03-01 09:33:00,508",B,17876,1
1902,"2022-03-01 09:33:17,623",B,17888,1
1903,"2022-03-01 09:36:00,583",B,17895,1
1904,"2022-03-01 09:37:00,572",B,17898,1
1905,"2022-03-01 09:43:13,894",B,17892,1
1906,"2022-03-01 09:48:52,554",S,17867,1
1907,"2022-03-01 09:49:06,332",S,17861,1
1908,"2022-03-01 10:05:01,962",B,17913,1
1909,"2022-03-01 10:05:02,837",B,17909,1
1910,"2022-03-01 10:15:01,110",S,17890,1
1911,"2022-03-01 10:45:12,439",B,17906,1
1912,"2022-03-01 11:28:20,249",B,17921,1
1913,"2022-03-01 11:33:01,114",B,17931,1
1914,"2022-03-01 13:05:02,376",S,17916,1
1915,"2022-03-01 13:26:55,107",S,17894,1
1916,"2022-03-01 13:35:00,387",S,17903,1
1917,"2022-03-01 13:35:00,480",B,17904,1
1918,"2022-03-01 15:48:03,667",S,17956,1
1919,"2022-03-01 15:55:09,716",S,17945,1
1920,"2022-03-01 21:27:39,947",B,17866,1
1921,"2022-03-02 00:32:45,590",S,17821,1
1922,"2022-03-02 00:45:56,857",S,17800,1
1923,"2022-03-02 00:56:03,277",S,17783,1
1924,"2022-03-02 04:30:01,206",S,17723,1
1925,"2022-03-02 04:54:08,359",S,17716,1
1926,"2022-03-02 09:09:00,822",B,17829,1
1927,"2022-03-02 09:25:30,129",S,17769,1
1928,"2022-03-02 09:35:01,273",B,17831,1
1929,"2022-03-02 13:02:29,625",B,17880,1
1930,"2022-03-02 13:32:00,978",S,17842,1
1931,"2022-03-02 13:35:01,049",B,17838,1
1932,"2022-03-02 22:48:18,975",B,17815,1
1933,"2022-03-03 00:32:02,430",B,17898,1
1934,"2022-03-03 03:53:03,138",S,17898,1
1935,"2022-03-03 09:37:00,745",S,17901,1
1936,"2022-03-03 13:44:00,877",B,17929,1
1937,"2022-03-03 16:40:41,951",S,17860,1
1938,"2022-03-03 16:48:08,707",S,17857,1
1939,"2022-03-03 17:30:21,569",S,17849,1
1940,"2022-03-04 00:00:00,868",S,17789,1
1941,"2022-03-04 00:21:48,299",B,17819,1
1942,"2022-03-04 04:12:17,245",S,17758,1
1943,"2022-03-04 04:54:01,805",B,17777,1
1944,"2022-03-04 09:35:57,362",B,17732,1
1945,"2022-03-04 09:50:27,712",B,17749,1
1946,"2022-03-04 09:50:43,266",B,17758,1
1947,"2022-03-04 11:33:12,576",S,17724,2
1948,"2022-03-04 13:35:00,671",S,17693,1
1949,"2022-03-04 13:35:01,092",S,17694,1
1950,"2022-03-04 13:39:00,684",S,17688,1
1951,"2022-03-04 21:30:13,152",B,17654,1
1952,"2022-03-05 00:00:02,548",S,17574,1
1953,"2022-03-05 01:10:14,620",B,17599,1
1954,"2022-03-05 04:30:02,866",S,17522,1
1955,"2022-03-05 04:53:01,580",B,17533,1
1956,"2022-03-05 04:54:01,398",B,17548,1
